{
  "CMR": {
    "irr": 0.9373327630295016,
    "ci_low": 0.8999697444380039,
    "ci_high": 0.9762469394981347,
    "p": 0.001819113044234122,
    "n": 3029,
    "aic_nb": 1830.9786188991566,
    "aic_pois": 1908.8560841485942
  },
  "CCT": {
    "irr": 0.9788781318171355,
    "ci_low": 0.9490238772622367,
    "ci_high": 1.0096715371525182,
    "p": 0.17672879546283626,
    "n": 3029,
    "aic_nb": 3055.3617929980655,
    "aic_pois": 3083.2063531845142
  },
  "spearman": {
    "cmr_rho": -0.17150178274837963,
    "cmr_p": 1.9919785547352547e-21,
    "cct_rho": -0.16320591381026905,
    "cct_p": 1.5779483141852583e-19
  }
}