fips,edi_raw,edi_national_percentile
01001,-1.1514387672209128,28.4301212507977
01003,-1.1638783245962518,28.079132099553288
01005,3.55041711517441,96.07530312699426
01007,2.125999399759381,87.14103382259094
01009,0.3118553602232707,59.891512444160824
01011,4.212568579783717,97.44735162731334
01013,2.2993155656231408,88.80025526483728
01015,1.5016950933451996,80.7275047862157
01017,1.6184241788839921,82.03573707721762
01019,0.8274619151953405,69.6553924696873
01021,0.4014028091912666,61.8379068283344
01023,2.038650218535542,86.24760689215061
01025,3.1131000053825892,94.35226547543077
01027,1.4291185680167608,79.73835354179963
01029,0.6766126823545661,67.00701978302489
01031,0.3978313884531447,61.77409061901723
01033,0.5717648888879024,64.96490108487556
01035,2.767926944921234,92.59731971920868
01037,0.9989506607078984,72.78238672622847
01039,1.3571438871021104,78.52584556477346
01041,1.7250086853219186,82.99298021697511
01043,-0.009492731860492737,53.41416719846841
01045,1.9512791005429315,85.25845564773452
01047,4.392631294231266,97.83024888321634
01049,1.7357791397549218,83.28015315890237
01051,-1.0313667737946892,31.397574984045946
01053,2.7164897410181883,92.24633056796426
01055,1.0593340655321577,74.15443522654755
01057,2.3825659267420343,89.5022335673261
01059,1.4472734087938035,79.89789406509253
01061,1.2435393607454808,76.86662412252713
01063,4.400505339502128,97.8940650925335
01065,3.124545683622333,94.41608168474792
01067,0.8824815774470961,70.64454371410338
01069,0.955780875186716,72.04850031908104
01071,1.4008847662220765,79.25973197192087
01073,0.2766578424747317,59.41289087428206
01075,0.947681055126942,71.76132737715379
01077,-0.15446985508883782,49.90427568602425
01079,0.5283625493437023,64.16719846841097
01081,-0.31065310414370617,46.330567964262926
01083,-1.4307283246450546,22.399489470325463
01085,4.592897579460991,98.37268666241226
01087,4.622940487238887,98.468410976388
01089,-1.5529216329272775,20.16592214422463
01091,1.5089980151948388,80.88704530950862
01093,1.7227891185624247,82.92916400765795
01095,0.6347146128932496,66.14550095724314
01097,1.3273442701842302,78.11104020421186
01099,3.098253621768855,94.16081684747925
01101,1.5633536525813938,81.3018506700702
01103,-0.12034223173469086,50.86151882578175
01105,7.03733383710019,99.8085513720485
01107,1.9954922134697393,85.60944479897894
01109,2.4329218029725905,89.91703892788769
01111,1.1390739736291609,75.5902999361838
01113,2.443917312146936,90.0765794511806
01115,-0.9255729019745057,33.24824505424378
01117,-3.1186582011396147,3.286534779834078
01119,3.929783628445916,96.80918953414167
01121,1.8388193725188935,84.30121250797703
01123,1.9553522841018967,85.35417996171027
01125,0.3403057148502398,60.84875558391831
01127,1.049967907047177,73.89917038927888
01129,0.9484105257898643,71.79323548181237
01131,5.172991114094413,98.88321633694959
01133,1.3849914375776706,79.03637523931079
02013,-0.7124274943357434,37.587747287811105
02016,-3.196364976496413,3.0312699425654115
02020,-2.1442683312315913,10.178685386088066
02050,3.2883100932555736,95.0542437779196
02060,-3.3403827333632328,2.361199744735163
02063,-2.2028341722396663,9.5405232929164
02066,-0.5195988870814688,41.735800893426934
02068,-3.336251144058286,2.393107849393746
02070,1.1881520785796778,76.29227823867262
02090,-2.125090763946506,10.465858328015317
02100,-1.5536179193015573,20.070197830248883
02105,1.1557123425980103,75.90938098276962
02110,-3.001125849057307,3.7332482450542437
02122,-1.1227246463425398,29.036375239310786
02130,-1.859458566673762,14.518187619655393
02150,-1.9523972590224614,12.827058072750477
02158,5.647253306274339,99.39374601148691
02164,1.2735595951070569,77.2814294830887
02170,-1.5881215883665099,19.4639438417358
02180,2.5246724723390632,90.81046585832802
02185,-1.92043991998302,13.401403956604977
02188,1.971801969803514,85.54562858966177
02195,-1.6512501020869128,18.251435864709638
02198,0.22701003365112168,58.35992342054882
02220,-2.5294461524495175,6.541161455009573
02230,-1.2773919042700361,25.366943203573705
02240,-1.0098832028027678,31.844288449266113
02275,-0.7929659386929081,36.056158264199105
02282,-2.568132974470998,6.190172303765156
02290,2.2058860373737446,88.06636885768985
04001,3.4952902474230783,95.94767070835992
04003,0.9631729804913153,72.23994894703254
04005,0.4612328368975587,63.018506700701984
04007,1.5926829665887121,81.74856413529037
04009,0.29872896507924973,59.700063816209315
04011,-1.8866653583845405,14.00765794511806
04012,2.4628306056551312,90.20421186981493
04013,-1.0937911244722622,29.86598596043395
04015,1.1852803887566934,76.22846202935546
04017,2.8233770450178537,92.82067645181876
04019,0.17353898374407983,57.4345883854499
04021,-0.6539370267776663,38.9278876834716
04023,2.874272232915014,93.39502233567326
04025,-0.3543225520933847,45.40523292916401
04027,2.108174821110129,86.94958519463944
05001,1.3199674821365504,77.91959157626037
05003,2.151173710486606,87.52393107849393
05005,0.7118575826679072,67.61327377153798
05007,-2.302268239732619,8.774728781110403
05009,-0.12579599964637123,50.70197830248884
05011,1.7287281092241231,83.08870453095086
05013,0.5116282571457459,63.91193363114232
05015,0.562476129355788,64.77345245692406
05017,4.502373656917877,98.14932992980216
05019,0.9456200250113903,71.7294192724952
05021,1.5846660134381405,81.62093171665603
05023,0.5624556199547645,64.74154435226548
05025,-0.2095481692506845,48.46841097638801
05027,1.2619404042714053,77.08998085513721
05029,1.5070335957073144,80.85513720485004
05031,0.6840393402955515,67.19846841097639
05033,0.7489736787026816,68.28334396936822
05035,2.763337275569517,92.5654116145501
05037,2.6877815531596956,91.86343331206126
05039,0.8516632464485213,70.0063816209317
05041,3.9385791263759096,96.87300574345883
05043,1.1740695906781713,76.16464582003829
05045,-0.537744079298531,41.4167198468411
05047,1.3293467147897065,78.20676451818763
05049,1.6227721929344194,82.09955328653477
05051,0.7049353359029548,67.48564135290364
05053,-0.8302980978966387,35.32227185705169
05055,1.1221789638313937,75.33503509891513
05057,1.7322901590412056,83.18442884492661
05059,0.6506130202012195,66.49649010848756
05061,1.2080242907299472,76.45181876196554
05063,0.7387692478340219,68.09189534141672
05065,2.410005263530058,89.72559029993619
05067,2.7270218546576834,92.3739629865986
05069,2.288126668378813,88.70453095086151
05071,2.286941020785157,88.67262284620293
05073,3.23991810994486,94.89470325462668
05075,1.8511105261428373,84.52456924058711
05077,5.182746804960163,98.91512444160817
05079,1.2990098152257221,77.63241863433312
05081,0.7358108329432498,68.02807913209955
05083,1.1151264976725777,75.2074026802808
05085,-0.7832439031149381,36.4390555201021
05087,0.9658872685408677,72.27185705169113
05089,1.32385853323618,78.01531589023612
05091,2.096587577144954,86.8219527760051
05093,2.8354783954600546,93.17166560306318
05095,3.9018508618373176,96.71346522016592
05097,1.8526699056687979,84.58838544990428
05099,2.5531886469551206,90.93809827696235
05101,1.0173962975269941,73.42054881940012
05103,1.4487818224468632,79.9617102744097
05105,0.1556214194516372,57.019783024888326
05107,5.745664034867708,99.48947032546268
05109,1.0411958362112084,73.83535417996171
05111,2.0873447701069856,86.69432035737077
05113,1.7187587222531413,82.8334396936822
05115,0.8398728517686287,69.81493299298022
05117,0.45506610409555354,62.85896617740906
05119,0.618309594871631,65.76260370134014
05121,1.80975198941694,84.07785577536694
05123,4.116149620758498,97.25590299936184
05125,-1.5525175634956767,20.197830248883218
05127,1.8028144622890832,83.95022335673261
05129,2.6512002034992737,91.44862795149969
05131,0.8931363795514634,70.86790044671346
05133,2.175081406272907,87.71537970644545
05135,1.847632641101358,84.46075303126995
05137,2.409840147405987,89.6936821952776
05139,0.8458144802523403,69.91065730695597
05141,1.7397265759106302,83.37587747287812
05143,-0.046432977945266636,52.425015954052334
05145,0.7339844848826731,67.96426292278238
05147,2.4406384729787574,90.01276324186344
05149,1.4064950067672684,79.3873643905552
06001,-2.718868560773655,5.1372048500319085
06003,-0.8514744166475772,34.90746649649011
06005,-1.0323348011480646,31.365666879387366
06007,0.7241984266196904,67.86853860880665
06009,-0.3853132936798241,44.54371410338226
06011,0.898892628367287,70.89980855137205
06013,-2.6776600091908325,5.392469687300575
06015,1.1631609806323635,76.00510529674538
06017,-2.891903407327154,4.243777919591577
06019,2.2003739853625692,88.00255264837268
06021,1.4508663024594712,80.05743458838545
06023,1.4714148356422414,80.28079132099553
06025,4.150996924897534,97.28781110402042
06027,-0.7916038365211271,36.08806636885769
06029,2.3768013878288246,89.43841735800893
06031,2.1970075163584624,87.93873643905552
06033,2.018906759055328,85.8966177409062
06035,1.0835385002620839,74.72878111040204
06037,0.5774410444701498,65.06062539885131
06039,3.1695315820747565,94.57562220804084
06041,-3.7275357248071175,1.4358647096362476
06043,0.22226720642584422,58.23229100191448
06045,1.3403628360674003,78.36630504148053
06047,3.011531738625397,93.80982769623485
06049,1.3380595845750345,78.30248883216338
06051,-1.7912977883684778,15.985960433950222
06053,0.2297819213866255,58.42373962986599
06055,-1.7341140494222298,16.719846841097638
06057,-1.5065317686794368,21.218889597957883
06059,-1.8301773323064414,15.092533503509891
06061,-3.252952423045136,2.712188895979579
06063,-0.4460584330674702,43.39502233567326
06065,-0.3538189577598662,45.469049138481175
06067,-0.49836147124714963,42.27823867262285
06069,-1.896767002947801,13.81620931716656
06071,0.6278849025110322,65.98596043395023
06073,-1.3302661549698303,24.473516273133374
06075,-3.106172583037551,3.382259093809828
06077,0.21550313338535979,58.13656668793874
06079,-1.5587321748388545,19.974473516273132
06081,-4.044519970323287,0.9572431397574984
06083,-0.1559003900104789,49.8085513720485
06085,-4.15750053299082,0.7657945118059988
06087,-1.5618727823776777,19.87874920229738
06089,-0.14973773333741933,50.06381620931717
06091,-0.5901651937896762,40.33184428844926
06093,0.8746841195268908,70.51691129546906
06095,-1.5690355798624558,19.783024888321634
06097,-1.958898341093148,12.795149968091895
06099,0.9493157662749334,71.88895979578814
06101,1.108676085570992,75.07977026164646
06103,1.0689137005933171,74.37779195915762
06105,1.201220317549744,76.38800255264837
06107,2.673639440144719,91.67198468410976
06109,-0.261651285647603,47.60689215060626
06111,-1.5838937193996947,19.591576260370132
06113,-0.41266718268726976,43.873643905552015
06115,1.1447136726121667,75.65411614550096
08001,-1.0117364741074566,31.748564135290362
08003,0.42259762605383866,62.18889597957882
08005,-2.1041766258924954,10.721123165283982
08007,-0.6172768245064215,39.72559029993619
08009,1.2121958288408756,76.51563497128271
08011,2.8098634667843756,92.75686024250159
08013,-2.3860338665292455,7.913209955328654
08014,-4.095381278107988,0.8934269304403318
08015,-0.9749362468754686,32.54626675175494
08017,-1.2381465949883188,26.356094447989793
08019,-2.36154262577487,8.136566687938735
08021,1.2155869083537238,76.57945118059988
08023,2.8589903790306077,93.29929802169751
08025,2.5264881824157266,90.8423739629866
08027,-1.0548934111689896,30.567964262922782
08029,0.22275909469808242,58.29610721123165
08031,-1.1106915110056605,29.35545628589662
08033,-1.3566082812524476,23.707721761327377
08035,-5.3157861211045585,0.09572431397574985
08037,-2.6719405551685376,5.456285896617741
08039,-4.362347121493216,0.5424377791959157
08041,-1.639817468241371,18.47479259731972
08043,0.28600988316570913,59.50861518825782
08045,-1.9404907508539655,13.018506700701979
08047,-2.5034758453460446,6.828334396936822
08049,-2.2649299218143133,9.1576260370134
08051,-2.543530597562532,6.381620931716656
08053,-2.192190471195591,9.636247606892152
08055,1.1315129550696439,75.49457562220803
08057,1.1953527387955647,76.3241863433312
08059,-3.1767976291666304,3.095086151882578
08061,-0.10328824079053536,51.27632418634334
08063,-0.23296780948541043,48.14932992980217
08065,-1.821958909615686,15.347798340778557
08067,-1.7591362454291182,16.43267389917039
08069,-2.164369943471984,9.859604339502233
08071,1.5117230080439747,80.91895341416719
08073,-0.2652562473522524,47.47925973197192
08075,-0.20738122922906208,48.56413529036375
08077,-0.7880053308774295,36.311423101467774
08079,-1.5530723014192125,20.13401403956605
08081,-0.4143953107275281,43.80982769623484
08083,0.07862141943292464,55.07338864071474
08085,-0.6229672548040117,39.56604977664327
08087,-0.14976103998545975,50.031908104658584
08089,2.4672075034284435,90.23611997447351
08091,-2.855989295258648,4.499042756860242
08093,-2.67573653670906,5.424377791959158
08095,-0.77559394370833,36.566687938736436
08097,-3.9152265093512684,1.244416081684748
08099,1.4002575137688784,79.16400765794512
08101,0.4735488158068647,63.24186343331206
08103,-0.8997123957351711,33.854499042756856
08105,-0.07095951353586898,51.914486279514996
08107,-3.3360526007719256,2.4250159540523293
08109,2.344095375062363,89.21506062539886
08111,0.3572239942683378,61.04020421186982
08113,-2.4114387375406743,7.466496490108487
08115,0.39157898167354144,61.67836630504148
08117,-2.813447580800688,4.6585832801531595
08119,-2.1669566712367136,9.82769623484365
08121,-0.7582129519279599,36.821952776005105
08123,-1.651844238718575,18.21952776005105
08125,0.35837835693048714,61.10402042118698
10001,-0.42048237498658214,43.7141033822591
10003,-1.5234528824474818,20.867900446713467
10005,-1.0143282308110269,31.684747925973195
11001,-1.020191756877295,31.461391193363113
12001,0.14393454543810946,56.70070197830249
12003,-0.17932199000298107,49.32992980216975
12005,-0.35779293630679043,45.27760051052967
12007,1.3897434764771504,79.06828334396937
12009,-1.1897458675999573,27.568602425015953
12011,0.08351035460283407,55.23292916400766
12013,2.046142506393654,86.31142310146778
12015,-0.6171669975611449,39.75749840459476
12017,0.92408792243859,71.25079770261647
12019,-1.8430054954493706,14.805360561582642
12021,-1.0102602798742781,31.812380344607533
12023,1.3265905445851494,78.0472239948947
12027,3.9735228440765176,96.9687300574346
12029,2.1217233768356407,87.10912571793236
12031,-0.04995608515501276,52.32929164007658
12033,0.6238009609073444,65.92214422463306
12035,-1.0982236366782692,29.770261646458202
12037,2.4510452936381615,90.10848755583918
12039,2.5952649302070663,91.16145500957244
12041,-0.10367985826220803,51.244416081684754
12043,2.699792327363398,92.05488194001276
12045,0.6665365961461452,66.78366305041482
12047,3.606355232463891,96.23484365028717
12049,3.4476851618148063,95.788130185067
12051,3.2345445578388663,94.83088704530951
12053,-0.008950910160518607,53.446075303126996
12055,1.168046089737169,76.06892150606254
12057,-0.36315889312550326,45.08615188257817
12059,1.4815561811210298,80.40842373962987
12061,-0.646643579984034,39.08742820676452
12063,1.4315519040332791,79.7702616464582
12065,0.9984273982623576,72.75047862156988
12067,2.658632906348767,91.51244416081686
12069,-0.6657698017174031,38.60880663688577
12071,-0.6235711848797606,39.534141671984685
12073,0.16012156927298277,57.17932354818124
12075,0.765592211862762,68.73005743458839
12077,2.17148027702145,87.5877472878111
12079,2.152967329031829,87.55583918315251
12081,-0.759280601412874,36.79004467134652
12083,0.7170440376738655,67.67708998085513
12085,-1.3804263618886694,23.324824505424377
12086,0.8635647179056178,70.32546266751754
12087,-1.2928728761170272,25.047862156987875
12089,-2.30851475221888,8.679004467134652
12091,-1.4684726714966045,21.98468410976388
12093,1.917874353009395,85.0989151244416
12095,-0.06378974371155922,52.04211869814933
12097,0.5615187035799316,64.7096362476069
12099,-0.4516927369672537,43.33120612635609
12101,-0.5393837974729947,41.384811742182514
12103,-0.6098518404345609,39.8851308232291
12105,0.7000649472440778,67.42182514358646
12107,3.463269590656657,95.85194639438417
12109,-3.1771696553518165,3.063178047223995
12111,0.2521617349824852,59.06190172303765
12113,-1.8227674964355258,15.315890236119975
12115,-1.9517855371498223,12.858966177409062
12117,-1.6084965591596097,19.112954690491385
12119,-0.7988775211891702,35.8647096362476
12121,1.3809350557572457,78.87683471601787
12123,1.5036317605190854,80.82322910019145
12125,0.2887601675605057,59.57243139757499
12127,-0.3684801707907567,44.89470325462668
12129,-0.8879025170511478,34.14167198468411
12131,-1.00484950326217,32.00382897255903
12133,1.8847325714579353,84.84365028717295
13001,2.2493022311635333,88.41735800893427
13003,3.564783079019262,96.13911933631142
13005,1.8303242312422536,84.23739629865986
13007,3.5451032049940707,96.04339502233567
13009,2.0196080159768828,85.92852584556478
13011,-0.08933149741530332,51.46777281429483
13013,-1.1747604695484333,27.887683471601786
13015,-0.9721594640073119,32.578174856413526
13017,2.801095773278487,92.724952137843
13019,2.196726791138761,87.90682833439693
13021,2.638952006601792,91.4167198468411
13023,0.9145424524290579,71.1869814932993
13025,1.4356870891842817,79.80216975111678
13027,3.239886019211723,94.8627951499681
13029,-2.3922914925382903,7.849393746011486
13031,1.7309857149036587,83.15252074026803
13033,1.7034382012010523,82.67389917038928
13035,0.13813192536673996,56.50925335035099
13037,4.550293916514647,98.30887045309508
13039,-0.3561799461086673,45.34141671984684
13043,2.4941889440502942,90.4594767070836
13045,0.33849501246738245,60.784939374601144
13047,-1.1082354839771908,29.5788130185067
13049,2.727939017558371,92.40587109125717
13051,0.36134210764608765,61.16783663050415
13053,1.1169924745099107,75.23931078493938
13055,2.3788338527504886,89.47032546266752
13057,-2.873640643337134,4.3714103382259095
13059,2.086473220080748,86.66241225271219
13061,3.113725797626367,94.38417358008935
13063,1.5651072568184834,81.33375877472878
13065,2.828086619725058,92.9483088704531
13067,-2.3633452284306324,8.104658583280152
13069,2.1469343936185004,87.39629865985961
13071,2.781628914582123,92.62922782386727
13073,-2.4532307304633756,7.179323548181237
13075,2.53579707894223,90.87428206764518
13077,-2.236000281447852,9.3490746649649
13079,1.0772656752019738,74.47351627313338
13081,3.467756627920034,95.88385449904276
13083,-0.4980186706371767,42.31014677728143
13085,-1.7021891275136307,17.358008934269304
13087,2.6853102692995203,91.79961710274411
13089,-0.17224902485497778,49.553286534779836
13091,1.905282768504274,85.03509891512444
13093,2.305737866797457,88.86407147415444
13095,4.284185478753378,97.60689215060626
13097,-0.7726395573752199,36.66241225271219
13099,2.978066179593279,93.68219527760051
13101,0.8081712041623527,69.49585194639438
13103,-1.9033316040247148,13.720485003190811
13105,2.0025411403422124,85.67326100829611
13107,2.516798304427701,90.77855775366943
13109,2.7353471355200734,92.46968730057435
13111,0.4228487771165021,62.25271218889598
13113,-3.4709504977529213,1.9783024888321634
13115,0.6835033710226228,67.13465220165922
13117,-4.580509551969947,0.35098915124441604
13119,1.5134006515330556,80.98276962348436
13121,-1.1560988315586291,28.334396936821953
13123,-0.36373854981178166,45.05424377791959
13125,0.3013059588590637,59.7319719208679
13127,0.10122719466707686,55.74345883854499
13129,0.43342361445570354,62.47606892150607
13131,2.384123805830467,89.53414167198468
13133,-0.10304515080311341,51.30823229100191
13135,-1.2166849510004512,26.802807913209953
13137,0.05586025692354145,54.56285896617741
13139,-0.13853418168306755,50.28717294192725
13141,4.19746234965336,97.41544352265475
13143,0.03612789675050163,54.275686024250156
13145,-2.3027446689292077,8.742820676451819
13147,0.5287620000433126,64.19910657306957
13149,0.636704262664281,66.20931716656031
13151,-1.5894064443786817,19.432035737077218
13153,-1.1118311417628997,29.29164007657945
13155,2.174883307731665,87.68347160178685
13157,-1.686991810397396,17.581365666879385
13159,0.10944256059461183,56.03063178047224
13161,2.182545982246285,87.77919591576261
13163,2.481763798014103,90.36375239310786
13165,3.3702330887721885,95.37332482450542
13167,3.412073614238395,95.5966815571155
13169,-0.6706841569435769,38.38544990427569
13171,-0.0320238500947184,52.839821314613914
13173,2.0547408089539965,86.34333120612636
13175,2.1741112208764033,87.65156349712827
13177,-1.9908339666277364,12.188895979578813
13179,0.7400301285543242,68.15571155073388
13181,0.11155207567371683,56.158264199106576
13183,0.3704535811605087,61.391193363114226
13185,0.9102783883424338,71.12316528398213
13187,-0.1997922106448214,48.72367581365667
13189,1.1478645579337177,75.68602425015955
13191,2.1383947731945256,87.23675813656668
13193,4.5879765838330675,98.34077855775367
13195,0.793361567667977,69.24058710912571
13197,2.1350610311001073,87.20485003190811
13199,1.8511722513054667,84.5564773452457
13201,2.3617733725985297,89.24696873005743
13205,3.4238200852975593,95.69240587109125
13207,-1.151695161528073,28.398213146139117
13209,1.9978894583981046,85.64135290363753
13211,-1.575240059435344,19.6553924696873
13213,0.9490657816368798,71.82514358647096
13215,1.6079192902081778,81.8761965539247
13217,-0.06761687710584027,51.94639438417358
13219,-4.347519429929182,0.574345883854499
13221,-0.3540219241115475,45.43714103382259
13223,-2.338224134948639,8.328015315890235
13225,1.1375439685789546,75.55839183152521
13227,-0.8818239382446406,34.365028717294194
13229,0.3748507804922696,61.42310146777281
13231,-1.8145222911367989,15.57115507338864
13233,1.0862789582849708,74.76068921506062
13235,1.734780321646841,83.24824505424377
13237,0.01613975333908841,53.797064454371416
13239,4.9342947937991575,98.75558391831525
13241,-0.239144594095063,47.98978940650925
13243,4.928892582377233,98.72367581365667
13245,2.2074885377669204,88.09827696234844
13247,0.08421462954171069,55.29674537332483
13249,0.7693651584564658,68.85768985322271
13251,1.5606643026557734,81.23803446075303
13253,2.1131958626664984,86.98149329929802
13255,1.8641472113278548,84.65220165922143
13257,0.9924045698436236,72.65475430759413
13259,3.419368001411584,95.62858966177409
13261,2.830521413303179,93.04403318442884
13263,2.3739027148592227,89.34269304403318
13265,1.5771889880776462,81.46139119336311
13267,2.6300449482126718,91.35290363752392
13269,4.355207591118655,97.73452456924059
13271,3.216981971031564,94.73516273133376
13273,3.9947277483133727,97.03254626675175
13275,1.4448823068271144,79.86598596043395
13277,1.1517735887672427,75.78174856413528
13279,2.388086213716846,89.59795788130185
13281,0.2693648865561698,59.25335035098915
13283,4.3720843533099965,97.79834077855776
13285,1.3036106152398435,77.69623484365029
13287,3.8111853270363834,96.61774090619018
13289,1.5028671431250589,80.79132099553287
13291,-0.6677233338921603,38.51308232291002
13293,1.5845574812574774,81.58902361199745
13295,0.7687261962503074,68.82578174856413
13297,-0.8702021179445159,34.58838544990427
13299,2.07937245504231,86.53477983407785
13301,3.4555467003707236,95.8200382897256
13303,2.0327562650541253,86.15188257817485
13305,1.8499458139647094,84.49266113592853
13307,3.4053808311898357,95.53286534779835
13309,3.3749088647843863,95.40523292916401
13311,-0.5683451820138743,40.77855775366943
13313,1.0130293718576495,73.29291640076579
13315,2.3134900534147764,88.99170389278876
13317,1.4155326639525967,79.48308870453094
13319,1.448040867941035,79.92980216975111
13321,2.0395273816740174,86.2795149968092
15001,-0.3826363162580453,44.63943841735801
15003,-2.191876208040128,9.668155711550733
15007,-1.8065345171775766,15.698787492022973
15009,-1.8812269335944731,14.103382259093811
16001,-2.5590290553762225,6.253988513082323
16003,0.3031473728961921,59.82769623484365
16005,-0.5342818188899047,41.51244416081685
16007,-1.0490517852641141,30.823229100191448
16009,0.6708055518767048,66.91129546904914
16011,-0.5140606259578301,41.895341416719845
16013,-2.9630256657043574,4.020421186981493
16015,-1.9284444292625769,13.305679642629228
16017,-0.7443060116108781,37.04530950861519
16019,-1.2746749353510836,25.46266751754946
16021,0.04940182838475506,54.43522654754308
16023,0.5132421857659815,63.97574984045947
16025,-1.107324585481696,29.642629227823868
16027,-0.8772601326973415,34.428844926611355
16029,-1.6970642541476768,17.42182514358647
16031,-0.5839647123406888,40.49138481174218
16033,2.140869661499752,87.33248245054244
16035,-0.15575718761712323,49.84045947670708
16037,-0.606246663022624,40.01276324186344
16039,0.33665173450678487,60.75303126994257
16041,-1.8638448600856794,14.39055520102106
16043,-0.601269088981409,40.17230376515635
16045,-0.8702512827998704,34.55647734524569
16047,0.4080157749996268,61.965539246968724
16049,-0.30830159966785553,46.45820038289726
16051,-2.016416022184201,11.67836630504148
16053,0.5946183678417549,65.41161455009572
16055,-1.5678829492984712,19.814932992980218
16057,-0.8227042685985368,35.44990427568602
16059,-0.2705425568216121,47.319719208679004
16061,0.7591682255359319,68.47479259731972
16063,0.3013647009914761,59.76388002552648
16065,1.3177108865419171,77.82386726228462
16067,-0.037208085263179404,52.61646458200383
16069,-0.9157450688720121,33.439693682195276
16071,-1.7311006069187045,16.783663050414805
16073,0.5402518235695647,64.39055520102106
16075,-0.11479186670171405,51.02105934907466
16077,0.7082827213595818,67.51754945756223
16079,1.0506047304886337,73.93107849393746
16081,-2.4107295582548125,7.49840459476707
16083,-0.40308410879172085,44.09700063816209
16085,-1.36140625424563,23.611997447351627
16087,0.9242134345358635,71.28270580727505
17001,-0.8648475416032726,34.65220165922144
17003,3.033127002720724,93.96936821952777
17005,-0.46125320676468057,43.1397574984046
17007,-0.9101100098373431,33.56732610082961
17009,-0.9628630408636392,32.70580727504786
17011,-0.360884947934899,45.18187619655393
17013,-1.8992612312293884,13.752393107849395
17015,-0.5412410619867968,41.320995532865346
17017,-0.2201569489315545,48.34077855775367
17019,-0.17970287901578205,49.29802169751117
17021,-0.2099928758306714,48.40459476707083
17023,-1.1268404472656777,28.94065092533504
17025,0.335572178111465,60.721123165283984
17027,-2.2741752815880494,9.061901723037652
17029,0.5633946570157106,64.80536056158263
17031,0.03439028269868998,54.21186981493299
17033,-1.0582535141021894,30.50414805360562
17035,-2.3894636364904214,7.881301850670071
17037,-0.39923812705121736,44.22463305679643
17039,-0.8980064272401533,33.98213146139119
17041,-1.0901180882432606,29.961710274409697
17043,-2.949969854146139,4.116145500957243
17045,-0.1883953529182348,49.13848117421825
17047,-0.32571374343143744,45.91576260370134
17049,-2.0762868314093543,11.040204211869815
17051,-0.12428985739637223,50.76579451180599
17053,-0.7377492421913535,37.2048500319081
17055,1.4701289143846756,80.21697511167837
17057,0.0881404937414287,55.42437779195916
17059,1.2561422349484404,76.99425654116145
17061,-0.5270027877655158,41.64007657945118
17063,-2.6647440609073465,5.552010210593491
17065,0.10409763754251186,55.87109125717933
17067,-0.9843825923805961,32.35481812380345
17069,0.5315863885028644,64.23101467772814
17071,-0.7911397364674827,36.11997447351627
17073,-1.6816474524064124,17.645181876196553
17075,-0.38907027276452816,44.44798978940651
17077,2.3232696074381645,89.1193363114231
17079,-1.4020079311060796,23.005743458838545
17081,0.057862075964927595,54.59476707083599
17083,-1.9071827937764778,13.592852584556478
17085,-1.7846744847454994,16.14550095724314
17087,-0.33176431102104686,45.75622208040843
17089,-1.7232889535071652,16.91129546904914
17091,-0.040588950062644936,52.52074026802808
17093,-3.3035030905091474,2.5526483726866624
17095,0.47317139069509984,63.20995532865348
17097,-2.3722819526856993,8.07275047862157
17099,-0.33174478938115587,45.788130185067004
17101,0.6247274956308901,65.95405232929164
17103,-0.9767605216554145,32.48245054243778
17105,-1.2021194358545564,27.313337587747288
17107,-0.5031004304858877,42.11869814932993
17109,1.0589813700055373,74.12252712188896
17111,-2.971567440051253,3.98851308232291
17113,-1.8153849869869416,15.539246968730058
17115,0.10175782471306569,55.77536694320357
17117,-0.8570475531979366,34.81174218251436
17119,-0.9834086602396115,32.41863433312061
17121,0.5867663449612179,65.2520740268028
17123,-1.0094338841426538,31.876196553924697
17125,-0.36416122348927166,45.02233567326101
17127,0.616578623951665,65.69878749202297
17129,-2.0688677381811913,11.104020421186982
17131,-1.5015223431945057,21.31461391193363
17133,-3.9789897153894445,1.052967453733248
17135,-0.08673083018597541,51.59540523292916
17137,-0.05792367676835156,52.233567326100825
17139,-1.320593965933761,24.633056796426292
17141,-1.4589601841911224,22.112316528398214
17143,-0.078838417482727,51.69112954690491
17145,0.6037162001851615,65.53924696873005
17147,-2.5356912504895175,6.509253350350989
17149,-0.07099837626530374,51.882578174856405
17151,1.15532996730947,75.87747287811104
17153,2.2970512028826136,88.76834716017868
17155,-2.6279238682301678,5.8072750478621575
17157,-0.2724390870436178,47.25590299936184
17159,-0.5270585505253267,41.60816847479259
17161,0.3550041219663162,61.00829610721124
17163,-0.15176457111843422,49.93618379068283
17165,1.0661733016295591,74.31397574984045
17167,-1.1099788017119048,29.483088704530953
17169,-0.35646862344402175,45.30950861518826
17171,-1.412442523277739,22.75047862156988
17173,-1.3728864576738227,23.35673261008296
17175,-0.8183412148615948,35.51372048500319
17177,0.031478769178076,54.14805360561583
17179,-1.7927792041401682,15.95405232929164
17181,1.4043480602143414,79.35545628589662
17183,0.8669405969306169,70.38927887683471
17185,-0.6327840037876574,39.24696873005743
17187,0.42076115897935074,62.093171665603066
17189,-1.8204585994509854,15.411614550095724
17191,0.06558172678086246,54.81812380344607
17193,0.13911230572164893,56.54116145500957
17195,-0.6474297027537423,39.05552010210593
17197,-2.535993244365507,6.4773452456924066
17199,-0.660593790051139,38.80025526483727
17201,0.8028880679769591,69.43203573707721
17203,-2.6621933564918305,5.583918315252074
18001,0.04360290988396285,54.4033184428845
18003,-0.7025736776325094,37.747287811104016
18005,-1.318516142105629,24.69687300574346
18007,-0.3610308861091738,45.149968091895346
18009,0.620213847450707,65.82641991065731
18011,-3.621467381155067,1.7549457562220805
18013,-1.5690835172810278,19.75111678366305
18015,-1.4966461575972057,21.346522016592214
18017,0.07105669690794605,54.91384811742183
18019,-1.2411517576755373,26.196553924696875
18021,-0.8050697187716034,35.76898532227186
18023,-0.7105316137944412,37.65156349712827
18025,1.1190904325901156,75.30312699425654
18027,-0.30684110007104315,46.553924696873004
18029,-2.136212636132309,10.338225909380983
18031,-1.4948114351693818,21.41033822590938
18033,-1.6426347270504476,18.410976388002553
18035,0.8715633953496373,70.4211869814933
18037,-1.9962486682858342,12.093171665603062
18039,0.02134956796681317,53.98851308232291
18041,0.7109251775202997,67.54945756222081
18043,-1.673759956100261,17.80472239948947
18045,-0.49227491170526355,42.46968730057434
18047,-2.0205638717215035,11.582641991065731
18049,0.08908665039121533,55.45628589661774
18051,-1.4929099841552784,21.537970644543712
18053,1.4447297325770179,79.83407785577536
18055,0.233755857249933,58.5832801531589
18057,-4.473434308918048,0.3828972559029994
18059,-3.0923335458243684,3.446075303126994
18061,-1.9254007448096504,13.369495851946395
18063,-3.4246815290022368,2.1378430121250798
18065,-0.36469061295676747,44.99042756860243
18067,0.015187368477088289,53.765156349712825
18069,-1.0078937586676262,31.90810465858328
18071,-1.1199528281847637,29.06828334396937
18073,-1.8255314310804858,15.220165922144224
18075,0.2591148936108105,59.12571793235482
18077,-0.5877969650242575,40.36375239310785
18079,-0.47260272984685037,42.82067645181876
18081,-2.32398464173936,8.487555839183154
18083,-0.5003083952607168,42.1825143586471
18085,-1.3398220547643023,24.250159540523292
18087,-0.4334288973310095,43.49074664964901
18089,0.15260274909911808,56.924058710912576
18091,-0.1963545480738219,48.94703254626675
18093,-0.8234630330754562,35.41799617102744
18095,0.11671492290487978,56.19017230376515
18097,0.669770161753926,66.87938736439055
18099,-0.9525522216503917,33.024888321633696
18101,-1.0658390105830626,30.440331844288448
18103,-0.035462516141335415,52.680280791320996
18105,-0.13300046459291107,50.41480536056159
18107,-0.6562618124139281,38.864071474154436
18109,-1.7173111767880798,17.03892788768347
18111,0.14774815286484774,56.796426292278234
18113,-1.0060230020758905,31.940012763241864
18115,-1.9590281361269,12.763241863433311
18117,0.2343845988030264,58.64709636247607
18119,0.1444448889490341,56.732610082961074
18121,0.294638499080795,59.63624760689215
18123,-0.6299273356293794,39.34269304403318
18125,-1.0708575596819223,30.3446075303127
18127,-2.154145416103484,10.051052967453733
18129,-2.1598031851768096,10.01914486279515
18131,-0.2993048669128905,46.745373324824506
18133,-1.5112462390955173,21.123165283982132
18135,0.16053112988891097,57.21123165283982
18137,-1.3718383927180489,23.388640714741545
18139,-0.1389266823725628,50.25526483726866
18141,-0.18874646988942415,49.106573069559666
18143,0.8803124257842602,70.6126356094448
18145,-0.6911508817778658,38.06636885768985
18147,-1.817660358934463,15.443522654754307
18149,0.17204498003236596,57.402680280791316
18151,-1.2878297368876266,25.143586470963626
18153,0.08461355231471179,55.3286534779834
18155,0.3646487016626383,61.2635609444799
18157,0.08390395538678132,55.26483726866624
18159,-1.4690670464431341,21.952776005105296
18161,-0.6964905498092823,37.87492022973835
18163,0.019176591647973744,53.89278876834715
18165,0.10614494451516457,55.93490746649648
18167,0.985232863299971,72.5271218889598
18169,-1.0899527983446191,29.99361837906828
18171,-1.842006529184344,14.932992980216975
18173,-2.991846409399185,3.860880663688577
18175,-0.2451662297015973,47.8940650925335
18177,0.7792209174930446,68.98532227185706
18179,-1.9710241266671513,12.476068921506062
18181,-1.2163233156448077,26.86662412252712
18183,-1.8524399797615212,14.613911933631144
19001,-1.5103554175429934,21.155073388640716
19003,-1.1070201112351223,29.674537332482448
19005,-1.0785203572099393,30.21697511167837
19007,0.65606075521699,66.5922144224633
19009,-1.3303672694528035,24.441608168474794
19011,-2.7235047718313927,5.073388640714742
19013,-0.04326454580489454,52.488832163369494
19015,-2.595399070701989,5.998723675813657
19017,-3.055469537849834,3.5737077217613273
19019,-2.0021769459905263,12.029355456285897
19021,-0.3281879270615137,45.88385449904276
19023,-1.5366026179689989,20.485003190810467
19025,-1.6709223073413544,17.868538608806634
19027,-2.2469297310540757,9.285258455647734
19029,-0.5566380937565589,41.06573069559668
19031,-2.447228310465402,7.211231652839821
19033,-1.3417771065005897,24.154435226547545
19035,-1.441256827800345,22.239948947032545
19037,-2.4313171015850106,7.306955966815572
19039,0.1827926091457124,57.594128908742825
19041,-1.493976712064444,21.47415443522655
19043,-1.0506814256517345,30.695596681557113
19045,-0.4699272378946371,42.9483088704531
19047,-0.06647017011077037,51.97830248883216
19049,-3.9481330352940796,1.148691767708998
19051,-0.7643873139891906,36.69432035737078
19053,0.4242516768849338,62.316528398213144
19055,-2.3527434971052936,8.200382897255903
19057,-0.5079914429227015,41.991065730695595
19059,-2.7019138173484283,5.264837268666241
19061,-1.635219124835357,18.634333120612638
19063,-0.857890717303944,34.779834077855774
19065,-0.36290896565712066,45.118059987236755
19067,-1.3553959705489793,23.771537970644545
19069,-0.8424520598669941,35.16273133375877
19071,-1.8603372022381517,14.486279514996808
19073,-1.1581152243429025,28.206764518187622
19075,-3.069575122503241,3.509891512444161
19077,-1.8825459902275399,14.071474154435226
19079,-1.7452634262703752,16.62412252712189
19081,-1.9492491032989907,12.890874282067646
19083,-1.0915781118584469,29.897894065092533
19085,-2.0329573833250225,11.359285258455648
19087,-1.1544279373403934,28.366305041480537
19089,-1.9691370571947717,12.603701340140397
19091,-1.7025658991025203,17.32610082961072
19093,-1.9055671438767319,13.656668793873644
19095,-2.331947133956872,8.359923420548819
19097,-1.2767181569221515,25.398851308232288
19099,-1.5216178687578776,20.963624760689214
19101,-0.007466607944992867,53.47798340778558
19103,-1.2365296163372572,26.419910657306957
19105,-1.806910071550399,15.666879387364391
19107,-0.9095254878794811,33.599234205488195
19109,-1.4743622429658616,21.825143586470965
19111,-0.4331121812497245,43.522654754307595
19113,-1.963301043740107,12.699425654116144
19115,-1.0355081985591015,31.206126356094448
19117,-0.07434948751304839,51.78685386088067
19119,-2.7938617229363567,4.754307594128909
19121,-3.1730804891916375,3.1589023611997447
19123,-1.4457016619647791,22.208040842373965
19125,-2.462737700650175,7.115507338864072
19127,-0.568212244893931,40.810465858328016
19129,-1.9748819717281834,12.412252712188895
19131,-1.9075157260047684,13.560944479897893
19133,-1.1472852122149926,28.58966177409062
19135,-1.4061025812434116,22.94192724952138
19137,-0.5211264282693956,41.671984684109766
19139,-0.9623467724079858,32.737715379706444
19141,-1.426783700382222,22.495213784301214
19143,-0.7850480026333666,36.37523931078494
19145,-0.13934028723908753,50.22335673261008
19147,-1.4499226202312026,22.176132737715378
19149,-2.951764261951415,4.052329291640076
19151,-0.7575394650812802,36.85386088066369
19153,-1.5233835026759486,20.899808551372047
19155,-0.9187102004521519,33.40778557753669
19157,-1.3415657053452839,24.186343331206125
19159,-1.1854221150967783,27.6643267389917
19161,-1.8504451758778355,14.709636247606891
19163,-1.3832062593503904,23.292916400765794
19165,-2.0044193557586647,11.901723037651564
19167,-2.5269320311232484,6.573069559668156
19169,-1.0057300804584715,31.971920867900444
19171,-0.5122184547529931,41.92724952137843
19173,-1.2613109399749558,25.717932354818124
19175,-0.4728827829140286,42.78876834716018
19177,-0.26927657366270474,47.35162731333759
19179,0.4669393250783864,63.11423101467773
19181,-3.2720405942056665,2.6164645820038293
19183,-1.783225472000093,16.177409061901724
19185,-0.695961210513511,37.93873643905552
19187,-1.1394738661547843,28.78111040204212
19189,-1.8981652580447683,13.784301212507977
19191,-2.3760492374686857,8.040842373962986
19193,-0.41317466638369915,43.841735800893424
19195,-1.8877629010267118,13.975749840459475
19197,-0.9590129175129367,32.833439693682195
20001,0.46837323716690415,63.14613911933631
20003,-0.12832226731097532,50.638162093171665
20005,-0.4603465881293761,43.17166560306318
20007,-0.39104753109029206,44.38417358008934
20009,-0.052828234337545896,52.26547543075941
20011,0.5484378312053703,64.5181876196554
20013,-0.5421294918608558,41.28908742820677
20015,-2.4041626575330284,7.657945118059987
20017,-0.9837088597063839,32.38672622846203
20019,1.078237380669499,74.56924058710912
20021,-0.06057649205540058,52.13784301212508
20023,-0.2958393513885884,46.80918953414167
20025,-1.5363263500704234,20.516911295469047
20027,-1.1946271080962436,27.472878111040206
20029,-0.3939786757031703,44.288449266113595
20031,-1.3233898284894903,24.53733248245054
20033,-1.3049727369768827,24.88832163369496
20035,0.15781323393051996,57.147415443522654
20037,0.4218558690975559,62.15698787492023
20039,-0.5207985160396749,41.70389278876835
20041,-1.634583208608173,18.666241225271218
20043,-1.4067226516001063,22.878111040204214
20045,-0.9235652779006859,33.28015315890236
20047,-0.23713628750654808,48.02169751116784
20049,0.9014131086628215,70.93171665603063
20051,-0.8875672570438966,34.205488194001276
20053,-1.1086663150958413,29.514996809189537
20055,0.6949222958809853,67.32610082961072
20057,-0.130025451812021,50.5743458838545
20059,-1.4113137778608764,22.782386726228463
20061,0.07591399386618598,55.041480536056156
20063,-1.5748860797316764,19.687300574345883
20065,0.09115613200286363,55.48819400127633
20067,-1.042374920535898,31.01467772814295
20069,-1.5394963757374784,20.453095086151883
20071,-2.5028479380768713,6.892150606253988
20073,-0.13050812998745126,50.542437779195915
20075,-1.2805640113023489,25.271218889597957
20077,0.4850256916430504,63.43331206126356
20079,-1.544355682887198,20.357370772176132
20081,-0.3845182805440547,44.57562220804084
20083,-2.5139466030822626,6.732610082961073
20085,-1.960597333515338,12.73133375877473
20087,-2.4089193919488423,7.5622208040842365
20089,-0.4902830773862955,42.53350350989151
20091,-3.638312214424611,1.691129546904914
20093,-0.4701557938028562,42.91640076579451
20095,-1.0736810362954228,30.280791320995533
20097,-1.2113856216938672,26.994256541161455
20099,-0.2514105501885305,47.79834077855775
20101,-2.006884007637032,11.837906828334397
20103,-1.9348822246908748,13.082322910019146
20105,-1.0495179923678524,30.791320995532867
20107,-0.5950041697292857,40.299936183790685
20109,-1.629037264867589,18.825781748564136
20111,0.11002249898720662,56.062539885130825
20113,-2.0685156975193233,11.135928525845564
20115,-1.3626939587299016,23.580089342693043
20117,-1.2833872842157348,25.239310784939374
20119,-1.4703168229972763,21.920867900446712
20121,-2.817215503602495,4.626675175494575
20123,-1.7482251097403874,16.56030631780472
20125,0.44530170217815723,62.69942565411615
20127,-1.2528620705120732,25.877472878111043
20129,-0.7295429888413859,37.30057434588385
20131,-2.3166552117975128,8.519463943841735
20133,0.2148194247879296,58.07275047862157
20135,-1.8109529629242545,15.634971282705806
20137,-0.6618880170131269,38.7364390555201
20139,-1.1184327686005304,29.132099553286533
20141,-1.0489724810687842,30.85513720485003
20143,-1.6173723216001952,19.049138481174218
20145,-0.6816464076065958,38.22590938098277
20147,-0.654966329845184,38.89597957881302
20149,-2.9803707887593376,3.924696873005743
20151,-1.2541942897365106,25.845564773452455
20153,-1.1127449477918159,29.259731971920864
20155,-0.267201567440104,47.415443522654755
20157,-1.646733270644351,18.3152520740268
20159,-1.3419572476511767,24.122527121888957
20161,0.43263215786650894,62.444160816847486
20163,-1.9081788832400697,13.497128270580728
20165,-0.4231210974922155,43.61837906828334
20167,0.33080393882673736,60.49776643267389
20169,-0.7790244786546777,36.502871729419276
20171,-1.134556704909095,28.8130185067007
20173,-0.14329339182726739,50.127632418634334
20175,1.0095585357808712,73.1014677728143
20177,-0.727176998276964,37.36439055520102
20179,-2.0506691890666473,11.263560944479897
20181,-0.5811757134313322,40.555201021059354
20183,-1.3462681069457585,23.994894703254626
20185,-0.8636574612924433,34.71601786853861
20187,-0.8713317453712291,34.49266113592853
20189,0.013346930347566378,53.73324824505424
20191,-0.7570517360652033,36.88576898532227
20193,-2.1282251340871707,10.433950223356733
20195,-1.7902380633162362,16.049776643267393
20197,-2.549966693249522,6.349712827058072
20199,-1.0183221824810764,31.557115507338864
20201,-2.137436543674221,10.274409700063817
20203,-0.997280600957393,32.13146139119336
20205,-0.029386630419762794,52.8717294192725
20207,0.11125914919046336,56.12635609444799
20209,1.338111232206083,78.33439693682195
21001,2.09235441791225,86.75813656668794
21003,0.7949152669248097,69.30440331844288
21005,-0.6152340174766389,39.78940650925335
21007,0.06372470204309022,54.722399489470334
21009,1.2728625273116345,77.24952137843012
21011,1.627483631979749,82.13146139119335
21013,4.6721534221573435,98.53222718570517
21015,-2.95125106415674,4.0842373962986604
21017,1.0807244145571269,74.69687300574346
21019,0.8758671581334557,70.58072750478621
21021,0.3309057289962834,60.529674537332475
21023,0.4973116162708921,63.624760689215066
21025,3.944076551649129,96.90491384811743
21027,1.6508692671967733,82.38672622846202
21029,-1.4274855427560125,22.463305679642627
21031,1.4554641156958403,80.08934269304403
21033,0.6663324162704043,66.75175494575623
21035,0.814866692638711,69.59157626037013
21037,-1.5456569807077438,20.32546266751755
21039,0.9872620358721171,72.55902999361837
21041,1.3200721661972994,77.95149968091896
21043,1.9773808920706117,85.57753669432036
21045,3.935330561321457,96.84109763880025
21047,1.8082202430546765,84.04594767070836
21049,0.11747926959203932,56.222080408423736
21051,5.417687436357464,99.13848117421826
21053,2.6893699234003123,91.92724952137843
21055,1.058624072449029,74.0587109125718
21057,2.6990963568534894,92.02297383535418
21059,-0.6721001111336958,38.353541799617105
21061,1.3684569598644725,78.78111040204212
21063,3.342873731259119,95.18187619655393
21065,3.0491281555659375,94.00127632418635
21067,-0.2770118842970824,47.160178685386086
21069,2.278003841388783,88.5449904275686
21071,4.483253052486766,98.1174218251436
21073,-0.2292410874756945,48.181238034460755
21075,3.642775982455418,96.33056796426293
21077,0.6288916868904625,66.01786853860881
21079,0.7564364585361953,68.41097638800255
21081,-0.5634950544801994,40.93809827696235
21083,0.49644836947366094,63.59285258455648
21085,1.1516162786543842,75.7498404594767
21087,2.455391171884998,90.17230376515634
21089,0.24360650156194572,58.80663688576898
21091,-0.37892763130537804,44.798978940650926
21093,-0.4655753038870984,43.04403318442884
21095,4.5057931305985734,98.18123803446075
21097,-0.11465455301140877,51.052967453733245
21099,2.149045367342996,87.46011486917678
21101,0.5878089821655796,65.2839821314614
21103,0.2845953628869937,59.47670708359924
21105,0.12477131832642235,56.34971282705807
21107,1.3531258951898775,78.46202935545628
21109,3.222954050239805,94.79897894065093
21111,-0.14124926660386494,50.191448627951495
21113,-0.7065361681090607,37.71537970644544
21115,2.6709290419418035,91.64007657945118
21117,-1.3666081845754092,23.54818123803446
21119,4.89579742965841,98.69176770899809
21121,4.542786127374454,98.2769623484365
21123,0.7887447884658279,69.14486279514996
21125,1.1438635326337816,75.62220804084238
21127,2.6638327095507055,91.60816847479259
21129,5.448266010305728,99.20229738353542
21131,4.066645353251518,97.16017868538609
21133,3.7179660562972017,96.52201659221443
21135,3.4280893338661738,95.72431397574984
21137,1.5707876510020973,81.39757498404595
21139,0.7652145353969326,68.66624122527122
21141,0.37977323240649524,61.582641991065735
21143,-0.788871998234859,36.24760689215061
21145,-0.07528474737396292,51.754945756222085
21147,4.479156115778583,98.08551372048501
21149,-0.5068529908875927,42.02297383535418
21151,-0.03408567804972912,52.71218889597959
21153,5.6127443674252,99.29802169751116
21155,1.3428327586212192,78.39821314613911
21157,-0.9383682491015441,33.12061263560944
21159,4.112462080390495,97.22399489470325
21161,1.295488347033245,77.60051052967454
21163,-1.045730067230401,30.9189534141672
21165,2.820219936055545,92.78876834716017
21167,-0.6772775406263243,38.257817485641354
21169,2.020604396613991,85.96043395022336
21171,1.9129341564995757,85.06700701978302
21173,0.6547261329881401,66.56030631780472
21175,2.280599002414982,88.57689853222719
21177,1.3636126481338533,78.68538608806637
21179,-1.4093489892495474,22.814294830887043
21181,1.3813834926593531,78.94065092533504
21183,0.8472403648404556,69.97447351627312
21185,-4.157250919136647,0.797702616464582
21187,0.32204347339710393,60.210593490746646
21189,5.355846681205132,99.07466496490109
21191,0.21441962088862684,58.04084237396299
21193,2.8289398440779037,92.98021697511167
21195,3.0138173782640942,93.873643905552
21197,2.826140370373343,92.91640076579452
21199,1.6093785238404323,81.94001276324187
21201,1.8587055868084201,84.62029355456286
21203,2.2408617103700434,88.38544990427567
21205,1.7302779644009316,83.12061263560945
21207,1.9290068881666622,85.16273133375879
21209,-2.46806496290128,7.083599234205488
21211,-1.6383642217395542,18.538608806636887
21213,-0.29444526279174793,46.87300574345884
21215,-2.5373172883410935,6.413529036375238
21217,0.37553357040168633,61.45500957243139
21219,1.2499912808780549,76.8985322271857
21221,0.4757080517153599,63.30567964262923
21223,0.07257860392778036,54.977664326738996
21225,0.19531458680915648,57.72176132737715
21227,0.3327677347392158,60.62539885130823
21229,-0.5479293589117535,41.161455009572435
21231,3.6314751272865835,96.29865985960434
21233,0.6837325900061767,67.1665603063178
21235,3.013805564772343,93.84173580089342
21237,7.931093774670908,99.96809189534142
21239,-1.720132640149951,16.94320357370772
22001,3.208837135513202,94.67134652201659
22003,1.8906771824645623,84.87555839183153
22005,-1.636751900579234,18.570516911295467
22007,1.9332158843572949,85.19463943841737
22009,3.69467400706216,96.49010848755583
22011,-0.11350028840701995,51.08487555839183
22013,3.4101691396149145,95.56477345245692
22015,0.12859813478361845,56.38162093171666
22017,2.6033238717639757,91.19336311423102
22019,0.3252130489248975,60.33822590938098
22021,3.561075300608417,96.10721123165284
22023,-0.561069145520907,41.00191448627952
22025,3.259079956876332,95.02233567326101
22027,3.81637968674148,96.64964901084876
22029,4.6018902927206735,98.40459476707085
22031,1.795723556557352,83.85449904275686
22033,0.8641305894179855,70.35737077217613
22035,7.835694074552222,99.93618379068283
22037,0.44260983806236115,62.63560944479898
22039,4.842994187559969,98.62795149968092
22041,4.013912452675411,97.09636247606892
22043,1.0657546295036961,74.28206764518187
22045,2.4981957004869155,90.52329291640076
22047,1.7995823357761376,83.91831525207402
22049,2.5167494409368896,90.74664964901085
22051,0.6891908489278499,67.26228462029356
22053,0.7854134337362474,69.11295469049138
22055,0.3235728276096503,60.24250159540523
22057,0.855041921758309,70.13401403956605
22059,0.378985196113562,61.55073388640715
22061,2.966444049157662,93.61837906828335
22063,-0.9930675850812701,32.19527760051053
22065,5.30189075966027,98.97894065092534
22067,4.181474144229573,97.35162731333759
22069,3.0728863933603447,94.06509253350352
22071,2.725271673504635,92.34205488194002
22073,2.4971516252292645,90.49138481174218
22075,-0.1721447717985541,49.58519463943842
22077,1.6694926662468346,82.51435864709636
22079,1.1599021789703237,75.9731971920868
22081,2.628808489114758,91.32099553286534
22083,2.9064362704417124,93.42693044033184
22085,2.6357959795538197,91.38481174218252
22087,2.556415362504511,90.97000638162093
22089,-0.8846544865332582,34.26930440331844
22091,5.350027987057154,99.04275686024249
22093,-0.4647916644765389,43.10784939374601
22095,1.3911535405977271,79.10019144862795
22097,3.5779244725454378,96.17102744097001
22099,1.2590125787677744,77.02616464582005
22101,2.7161864380109755,92.21442246330568
22103,-1.0507246585543257,30.663688576898533
22105,1.6073677524598229,81.84428844926612
22107,5.994642639989665,99.58519463943841
22109,0.7931529891200376,69.20867900446713
22111,2.2832733369479614,88.64071474154436
22113,1.520512657505106,81.01467772814294
22115,1.0283352498954224,73.58008934269304
22117,3.2517819495623073,94.92661135928526
22119,3.099854225042012,94.256541161455
22121,-0.17696534702131525,49.39374601148692
22123,2.084450342468242,86.59859604339502
22125,0.143194791468243,56.66879387364391
22127,1.66369034732688,82.48245054243777
23001,-0.4976846274796656,42.3739629865986
23003,0.24048383274678023,58.7747287811104
23005,-2.8569004433920235,4.467134652201659
23007,-0.4016290262608652,44.19272495213784
23009,-1.1753550546867513,27.855775366943202
23011,-0.9952486717342025,32.163369495851946
23013,-1.3964981259893707,23.069559668155712
23015,-1.8158293717773921,15.507338864071475
23017,-0.03248758389876068,52.80791320995532
23019,-0.6494293509013258,39.02361199744735
23021,0.05907157555905835,54.626675175494576
23023,-1.632487371839007,18.730057434588385
23025,0.21489343221764065,58.104658583280155
23027,-0.7215814473927336,37.46011486917677
23029,0.560129756566931,64.64582003828973
23031,-2.2470215839732974,9.25335035098915
24001,0.6600515502594965,66.68793873643905
24003,-3.4445390018642885,2.0740268028079134
24005,-1.4243770391782518,22.527121888959794
24009,-4.1354657472644964,0.8296107211231653
24011,0.5574396644150874,64.61391193363114
24013,-3.667211737379773,1.6273133375877473
24015,-1.5409923849856004,20.4211869814933
24017,-3.231377546415236,2.9036375239310788
24019,0.9724241490622463,72.36758136566688
24021,-3.72147122388409,1.4996809189534142
24023,-0.4311633328906061,43.55456285896618
24025,-3.0539363333229024,3.6375239310784937
24027,-4.396059160097092,0.5105296745373326
24029,-0.7178310137709529,37.52393107849394
24031,-3.0009497355436756,3.765156349712827
24033,-1.1419074305012347,28.749202297383537
24035,-3.241694698996591,2.7760051052967456
24037,-3.1074710013218065,3.350350989151244
24039,1.9661594535053664,85.4818123803446
24041,-1.5440715945614591,20.389278876834716
24043,-0.5486948976990107,41.12954690491385
24045,0.11019617478553545,56.09444798978941
24047,-1.1336981309011014,28.844926611359284
24510,1.6866483034002864,82.57817485641354
25001,-2.5139544017327684,6.700701978302488
25003,-0.8147725143505863,35.57753669432036
25005,-0.6242583085692386,39.47032546266752
25007,-1.896492209670884,13.848117421825142
25009,-1.548354814425958,20.29355456285897
25011,-0.5726174134315136,40.619017230376514
25013,0.8520963591688042,70.0382897255903
25015,-1.8132142140820102,15.603063178047224
25017,-3.34251537364144,2.3292916400765797
25019,-3.3910317255508,2.2335673261008293
25021,-3.4481096540534915,2.0102105934907466
25023,-2.7327647115428095,5.041480536056158
25025,0.15671607227221723,57.11550733886407
25027,-1.530908091991019,20.580727504786218
26001,0.577698802836442,65.09253350350988
26003,-0.7872707857702715,36.34333120612636
26005,-1.6936913637636481,17.453733248245054
26007,0.631148170326843,66.11359285258456
26009,-1.4742059642441332,21.85705169112955
26011,0.3533552772291362,60.97638800255265
26013,-0.014398119185109642,53.2546266751755
26015,-1.6929374331483276,17.51754945756222
26017,-0.1971252445622367,48.851308232291004
26019,-1.2104598299778335,27.02616464582004
26021,0.36120541513343624,61.135928525845564
26023,0.18047303869533915,57.53031269942566
26025,0.3160833052294463,60.01914486279515
26027,-0.5866611670871695,40.42756860242502
26029,-1.7456038217457617,16.592214422463307
26031,0.2467690061490979,58.93426930440332
26033,0.21708994044627453,58.16847479259732
26035,2.0213707243892407,85.99234205488195
26037,-2.3775534015808804,8.008934269304403
26039,0.3321859092523548,60.59349074664965
26041,-0.46656415454948713,42.98021697511168
26043,-1.330434567587004,24.40970006381621
26045,-1.7634958144109807,16.400765794511805
26047,-1.8652961230289864,14.326738991703895
26049,1.007145090973136,73.00574345883855
26051,0.7230948119396555,67.80472239948946
26053,0.3294407517871371,60.40204211869815
26055,-1.8298302133106388,15.124441608168473
26057,-0.3123602602508789,46.202935545628584
26059,0.036493969052732236,54.30759412890874
26061,-0.08689013083297605,51.56349712827058
26063,-0.17257713286350096,49.521378430121246
26065,0.1853749144666129,57.657945118059985
26067,-1.2749999842743278,25.430759412890875
26069,1.4005055154759791,79.1959157626037
26071,0.02019283267456692,53.92469687300574
26073,1.033917640111142,73.70772176132738
26075,-0.28333375252925086,47.09636247606892
26077,-0.7629736824047486,36.726228462029354
26079,0.008721769225366558,53.669432035737074
26081,-1.3703728477073065,23.42054881940013
26083,-1.4829685409083848,21.761327377153798
26085,2.8339947867061452,93.13975749840459
26087,-1.277508009129379,25.335035098915128
26089,-2.8480704801946857,4.530950861518826
26091,-0.6658963926482662,38.57689853222719
26093,-3.550190924248607,1.8825781748564134
26095,1.3201917181009557,77.98340778557754
26097,0.6872569906075194,67.23037651563497
26099,-1.01939427868585,31.525207402680284
26101,0.054018943923034766,54.530950861518825
26103,-0.9226290393074091,33.31206126356094
26105,-0.6317714451612764,39.27887683471602
26107,0.7212620648264131,67.7409061901723
26109,-0.5638297812231625,40.906190172303766
26111,-1.8522051749594013,14.645820038289726
26113,0.018907797415861714,53.82897255903
26115,-1.2074955471581659,27.21761327377154
26117,-0.17827313374262757,49.361837906828335
26119,1.896589478701803,85.00319081046585
26121,0.3664656219446181,61.327377153797066
26123,0.05983603232788198,54.65858328015316
26125,-2.50908384656914,6.764518187619656
26127,0.314234860374068,59.923420548819394
26129,1.0293681975803244,73.61199744735163
26131,0.4445505706420652,62.667517549457564
26133,0.644935494718806,66.4326738991704
26135,1.696514248160837,82.61008296107212
26137,-0.907752526558177,33.66305041480536
26139,-2.669611039608256,5.488194001276324
26141,-0.04718490286342202,52.39310784939375
26143,0.8748566374704001,70.54881940012763
26145,1.0017353660107469,72.84620293554562
26147,-0.35473632899753016,45.373324824505424
26149,-0.016921915517288815,53.22271857051691
26151,0.29495709046348034,59.66815571155073
26153,0.8014408179031624,69.40012763241863
26155,-0.8503969402300832,34.93937460114869
26157,-0.17416493455475912,49.48947032546267
26159,-0.03793876299691145,52.584556477345245
26161,-1.6498780191549383,18.283343969368218
26163,2.14193763182415,87.36439055520103
26165,0.08112355762513625,55.13720485003191
27001,-0.22479300371243305,48.245054243777915
27003,-2.796642862478215,4.722399489470326
27005,-1.1956478145195077,27.440970006381622
27007,0.28627831933832804,59.540523292916404
27009,-1.6334949406570898,18.6981493299298
27011,-1.4216737228970266,22.559029993618378
27013,-0.9190333917746206,33.375877472878116
27015,-1.919508725362304,13.43331206126356
27017,-1.6606066270981088,18.123803446075303
27019,-4.401866729338375,0.4786215698787492
27021,-0.29956977031552073,46.71346522016592
27023,-0.5000091213672796,42.21442246330568
27025,-3.2427487082913613,2.744097000638162
27027,-1.4401025747614329,22.27185705169113
27029,-0.032569791782734676,52.77600510529674
27031,-1.9413152748203588,12.986598596043395
27033,-0.6225210255065777,39.59795788130185
27035,-1.2363914613875768,26.45181876196554
27037,-3.2376773386569844,2.839821314613912
27039,-3.4452413895759255,2.0421186981493302
27041,-2.2134464379710166,9.476707083599234
27043,-1.1078864469495155,29.610721123165284
27045,-1.8207519064765918,15.379706445437142
27047,-0.5064044518796603,42.05488194001276
27049,-2.19897272276977,9.572431397574984
27051,-1.1043649610361095,29.70644543714103
27053,-2.023638703193092,11.48691767708998
27055,-2.75328243220604,4.881940012763241
27057,-1.2203650082218536,26.707083599234206
27059,-2.0937899978803105,10.78493937460115
27061,-0.9560653268464725,32.96107211231653
27063,-1.9338571779524256,13.114231014677728
27065,-0.9630698025732641,32.673899170389284
27067,-1.218295636526153,26.770899808551373
27069,-1.9706058020266697,12.507977026164646
27071,-0.9023158340665197,33.790682833439696
27073,-2.0775667919759417,10.976388002552648
27075,-2.083307012838081,10.944479897894064
27077,-1.553351809203654,20.102105934907467
27079,-2.8016894787593793,4.690491384811742
27081,-1.6745757486065855,17.70899808551372
27083,-1.5159313853801586,21.059349074664965
27085,-2.4057092050496656,7.594128908742821
27087,2.236168595653337,88.32163369495852
27089,-2.048983968579241,11.295469049138482
27091,-0.7983844531428753,35.89661774090619
27093,-2.3124944203839095,8.615188257817486
27095,-0.8931761825837387,34.014039566049775
27097,-1.209419892092327,27.089980855137203
27099,-1.20805153144872,27.15379706445437
27101,-1.7720218832961712,16.27313337587747
27103,-2.3008941506686615,8.806636885768986
27105,-0.1938169195564624,49.042756860242505
27107,-1.147799238311031,28.557753669432035
27109,-2.643456326409369,5.647734524569241
27111,-1.2410228281056404,26.228462029355455
27113,-2.342394476885007,8.296107211231654
27115,-0.6347746919395524,39.21506062539885
27117,-1.4925686141247732,21.5698787492023
27119,-1.2000383881818284,27.37715379706445
27121,-2.277732768781597,8.998085513720484
27123,-0.6007926739731226,40.23611997447352
27125,-2.248419637942298,9.221442246330568
27127,-1.639392918146675,18.5067007019783
27129,-1.269769753623304,25.526483726866623
27131,-1.5589665590257107,19.91065730695597
27133,-1.8806391194496317,14.135290363752393
27135,-1.630567664514545,18.76196553924697
27137,-0.9018860416231388,33.82259093809828
27139,-4.000411586963381,0.9891512444160817
27141,-3.393589225384086,2.2016592214422466
27143,-2.1431925666251432,10.242501595405233
27145,-1.2408544013216614,26.26037013401404
27147,-1.7712256635613217,16.336949585194642
27149,-2.017888169291758,11.614550095724315
27151,-1.0011857757314244,32.067645181876195
27153,-0.7535086252140849,36.917677089980856
27155,-1.0410508155974327,31.046585832801533
27157,-2.573303961217851,6.158264199106573
27159,-0.19690309574419343,48.91512444160817
27161,-1.8428393204135198,14.837268666241224
27163,-3.9238143952240265,1.2125079770261646
27165,0.50591292760696,63.81620931716656
27167,-1.3499885782657715,23.899170389278876
27169,-1.197121306206369,27.409061901723035
27171,-3.616013635099354,1.7868538608806637
27173,-1.5149798631537414,21.09125717932355
28001,3.949157767738661,96.93682195277601
28003,1.9518507380899013,85.2903637523931
28005,2.1026284552696697,86.91767708998086
28007,2.8446314138083983,93.23548181238036
28009,2.5601519268791235,91.00191448627952
28011,4.319802225345101,97.63880025526484
28013,2.571533626587138,91.12954690491385
28015,2.133334812300302,87.17294192724952
28017,2.833662662360817,93.10784939374601
28019,1.8908698003299733,84.90746649649012
28021,4.6237640184576065,98.50031908104658
28023,1.8934153784401224,84.97128270580727
28025,3.3979332537762246,95.46904913848118
28027,5.6083367664146495,99.26611359285259
28029,2.7341239892987788,92.43777919591577
28031,2.3728623478229514,89.3107849393746
28033,-1.4939256288234752,21.506062539885132
28035,2.0215958148516155,86.05615826419911
28037,1.488398213027501,80.63178047223994
28039,1.520722495781814,81.04658583280153
28041,2.4366387622160266,89.98085513720486
28043,2.1399777938899995,87.30057434588386
28045,0.2687356143012178,59.22144224633057
28047,1.4246385027898576,79.64262922782387
28049,2.375874508425291,89.37460114869177
28051,5.369096740801005,99.10657306955967
28053,7.256186929635664,99.87236758136567
28055,8.237824177966932,100.0
28057,-0.41139776881175055,43.937460114869175
28059,0.7836574016337733,69.08104658583281
28061,1.2530091949186497,76.93044033184428
28063,5.0555064710077895,98.851308232291
28065,4.536623635174506,98.24505424377791
28067,0.9515975529717435,71.9527760051053
28069,4.468538604296611,98.02169751116784
28071,0.04040821065932921,54.33950223356733
28073,-0.019994630118274837,53.12699425654116
28075,2.663289087879771,91.57626037013401
28077,3.3471121974466502,95.21378430121251
28079,2.3851900088713003,89.56604977664327
28081,0.08684345576004819,55.39246968730057
28083,5.445090362112164,99.17038927887684
28085,1.1734549052783152,76.1327377153797
28087,1.5816398051941138,81.55711550733886
28089,-1.5898589789715274,19.400127632418634
28091,3.419566194643519,95.66049776643267
28093,1.834081038114638,84.26930440331844
28095,1.0199908892419631,73.45245692405871
28097,3.992289896939319,97.00063816209317
28099,3.0311225953411745,93.93746011486918
28101,1.3810417233602672,78.90874282067645
28103,4.049089723480053,97.1282705807275
28105,2.139611709070671,87.26866624122526
28107,3.3999053654807634,95.50095724313977
28109,0.740490406108005,68.18761965539247
28111,1.8059389792236287,84.01403956604977
28113,3.523997729277406,96.01148691767709
28115,0.9155263370429579,71.21888959795788
28117,1.2081704016303847,76.48372686662412
28119,5.738724365037909,99.45756222080408
28121,-1.3676491501731955,23.484365028717296
28123,2.935805774056077,93.5226547543076
28125,6.000306869131413,99.617102744097
28127,1.704373668920522,82.70580727504786
28129,1.1856705728112475,76.26037013401404
28131,1.511841697099401,80.95086151882577
28133,4.867067701214459,98.6598596043395
28135,4.442830136695548,97.95788130185066
28137,1.7059414231556578,82.73771537970644
28139,1.7972859800498293,83.88640714741544
28141,1.2208162431411194,76.64326738991704
28143,5.33908116171905,99.01084875558391
28145,0.8567461685020943,70.19783024888322
28147,2.712810459633621,92.15060625398851
28149,1.2226852488146474,76.67517549457563
28151,4.61619248348366,98.43650287172942
28153,3.2943560046214144,95.08615188257818
28155,1.206005520263804,76.41991065730696
28157,3.3339818773666545,95.14996809189535
28159,2.150275914982773,87.49202297383536
28161,2.014419877993459,85.76898532227186
28163,5.298889052738999,98.94703254626675
29001,1.136256480523371,75.52648372686662
29003,-2.0233154217273253,11.518825781748564
29005,-0.5689607065276393,40.74664964901085
29007,0.7730790970002446,68.88959795788129
29009,0.8828822180503759,70.67645181876196
29011,1.6595717460204205,82.45054243777919
29013,0.8864909310995879,70.8040842373963
29015,0.924967230488238,71.34652201659222
29017,1.012412550882805,73.22910019144862
29019,-0.7389059544695238,37.17294192724952
29021,0.4954816962452145,63.5609444798979
29023,2.1831594812377637,87.84301212507977
29025,0.07154101055808314,54.94575622208041
29027,-0.9862065368533177,32.322910019144864
29029,-0.39329396708817693,44.352265475430755
29031,-0.6644731593607135,38.672622846202934
29033,-0.22341925456633926,48.276962348436506
29035,1.7196517888321547,82.86534779834078
29037,-2.1309580198775935,10.402042118698148
29039,1.266570918507582,77.18570516911295
29041,-0.8837902235875084,34.30121250797703
29043,-1.9731156541547408,12.44416081684748
29045,-0.39369086759371996,44.32035737077218
29047,-2.0935224441824163,10.816847479259732
29049,-1.053276043799121,30.599872367581366
29051,-1.7441057962427289,16.65603063178047
29053,-0.6307797848140597,39.3107849393746
29055,1.179371462800847,76.19655392469687
29057,1.2907947004733324,77.44097000638163
29059,1.053356815834844,73.99489470325462
29061,0.2673639791923967,59.189534141671984
29063,-1.4326443592789297,22.36758136566688
29065,1.0042592464301239,72.94192724952137
29067,1.7524309410208014,83.50350989151244
29069,2.84995013085148,93.26738991703893
29071,-1.3406944740653866,24.21825143586471
29073,-0.7885557124051914,36.27951499680918
29075,0.13531775511402655,56.4773452456924
29077,-0.1245731963560886,50.73388640714741
29079,0.7616564952753317,68.53860880663689
29081,0.3938507741229293,61.742182514358646
29083,0.6041501719065621,65.57115507338864
29085,2.959377028547398,93.58647096362476
29087,-0.5597235782628935,41.033822590938094
29089,-0.21270787633746688,48.37268666241225
29091,1.872751090463169,84.7160178685386
29093,1.068814982370672,74.34588385449904
29095,-0.048738264368509386,52.36119974473517
29097,0.8536998372314598,70.10210593490747
29099,-1.9659900035344906,12.635609444798979
29101,-0.6916190118218192,38.03446075303127
29103,0.8598982501199057,70.2297383535418
29105,0.9065843834199138,71.02744097000638
29107,-1.7583985394892108,16.464582003828973
29109,0.5804686518640594,65.15634971282705
29111,0.5679267714788452,64.8691767708998
29113,-1.7300747555071474,16.81557115507339
29115,-0.30814406072993,46.52201659221442
29117,-0.489805297958574,42.5654116145501
29119,2.0334577351214764,86.18379068283343
29121,-0.41916289746539714,43.74601148691768
29123,0.5769855571499921,65.02871729419273
29125,0.506153832612262,63.848117421825144
29127,-0.465154339652123,43.075941289087424
29129,0.0856205149484645,55.360561582641985
29131,-0.1657170709337923,49.680918953414164
29133,3.3585240160087633,95.30950861518825
29135,-0.9026113380058328,33.75877472878111
29137,-0.256811199221269,47.73452456924059
29139,-0.09571326133444637,51.403956604977665
29141,1.4870671943105898,80.56796426292279
29143,1.5533852904319394,81.20612635609444
29145,0.020880798985893546,53.95660497766433
29147,-0.5839096763212365,40.52329291640076
29149,2.30714182787539,88.89597957881303
29151,-2.5739851981019495,6.12635609444799
29153,2.6893289790991917,91.89534141671984
29155,4.398317037390375,97.86215698787491
29157,-0.3676641272447904,44.92661135928525
29159,-0.017461942902614932,53.19081046585833
29161,0.2934636316783429,59.60433950223357
29163,0.1960953607441152,57.753669432035736
29165,-2.876466968465721,4.339502233567326
29167,0.6127236088473106,65.66687938736439
29169,-0.544838673735332,41.225271218889596
29171,-0.4978145223715557,42.34205488194001
29173,-0.8545976299484511,34.84365028717294
29175,0.7227253022677902,67.77281429483088
29177,-1.0407974112448848,31.078493937460117
29179,2.6264478870095083,91.28908742820676
29181,2.26060516121543,88.44926611359286
29183,-3.632750824498435,1.723037651563497
29185,1.0510730129088617,73.96298659859605
29186,-1.1746198625023971,27.919591576260373
29187,0.8842070593533422,70.70835992342055
29189,-1.6610500653676676,18.09189534141672
29195,-0.11960152042396804,50.92533503509892
29197,-0.6400931118600746,39.15124441608169
29199,-0.20887654253766183,48.500319081046584
29201,0.44722038826241656,62.73133375877473
29203,1.6083659057853732,81.90810465858328
29205,0.2699560976098905,59.31716656030632
29207,0.8742096771779803,70.48500319081047
29209,0.7277754893435293,67.90044671346523
29211,0.2044874062412702,57.91320995532865
29213,0.46004343706766726,62.922782386726226
29215,2.115466462260063,87.04530950861519
29217,0.7294235883617051,67.93235481812381
29219,-1.2639051168500424,25.68602425015954
29221,1.7438341676917968,83.4077855775367
29223,3.1250669119666346,94.4479897894065
29225,0.2491540809114973,58.966177409061906
29227,-0.47849922507886183,42.69304403318443
29229,2.46745153122424,90.26802807913211
29510,1.7895928072842857,83.79068283343969
30001,-0.5468481511334604,41.19336311423101
30003,3.10808740093983,94.28844926611359
30005,2.1005597512129697,86.88576898532227
30007,-0.8068727660457663,35.73707721761327
30009,-1.2955760460304828,24.984045947670708
30011,-0.3826081128100961,44.67134652201659
30013,-0.565478558630903,40.87428206764518
30015,0.2695816403418785,59.285258455647735
30017,-1.2471506916653774,26.005105296745374
30019,-1.306554143085117,24.856413529036374
30021,-1.8629969305497764,14.422463305679642
30023,0.5518220313570575,64.55009572431398
30025,-2.328733868427459,8.45564773452457
30027,-1.0200539260971242,31.4932992980217
30029,-1.4077357652498095,22.84620293554563
30031,-2.522731170930247,6.636885768985322
30033,-1.2186334567398869,26.73899170389279
30035,2.5615180512839455,91.0338225909381
30037,0.16319660896364335,57.27504786215699
30039,-0.06243227296272357,52.1059349074665
30041,0.31463978998656306,59.95532865347798
30043,-2.5943673799997575,6.030631780472239
30045,-0.7970113872124786,35.92852584556477
30047,0.741965845048585,68.21952776005105
30049,-1.8291176149423085,15.156349712827058
30051,1.6155896214158079,82.00382897255903
30053,1.3285430435565546,78.17485641352904
30055,-2.379724980213651,7.97702616464582
30057,-2.203042543872187,9.508615188257817
30059,-1.099338710365269,29.73835354179962
30061,-0.48070172681473294,42.661135928525844
30063,-1.311712881490899,24.79259731971921
30065,0.1037719108639836,55.83918315252075
30067,-1.5256648978747216,20.740268028079132
30069,-1.4913951484763528,21.60178685386088
30071,-0.6947441082080518,37.9706445437141
30073,1.3605478622939764,78.58966177409063
30075,-0.9373963090547823,33.152520740268024
30077,-0.8048860484415958,35.80089342693044
30079,1.0087550531195568,73.06955966815572
30081,-1.2386007203195593,26.324186343331206
30083,-1.7187250523390076,17.007019783024887
30085,2.0805754348607577,86.56668793873644
30087,1.3935045533365629,79.13209955328654
30089,1.3534142703765435,78.49393746011486
30091,-1.315625592447837,24.728781110402043
30093,-0.3103171024422292,46.3624760689215
30095,-2.488274363582678,6.987874920229737
30097,-2.170923915126703,9.795788130185066
30099,-0.7755650560558073,36.59859604339502
30101,0.3757747262368912,61.51882578174857
30103,-1.1234808547634614,29.004467134652202
30105,-1.5216455275908396,20.931716656030634
30107,-0.29461811318683834,46.84109763880026
30109,-1.050094908952105,30.727504786215697
30111,-1.907525615281532,13.529036375239311
31001,-1.1794088938314427,27.760051052967455
31003,-1.5276120828093696,20.644543714103385
31005,-1.2927209117640623,25.079770261646456
31007,-1.8170275812818382,15.475430759412893
31009,-0.028246534939552734,52.935545628589665
31011,-2.1461711505764884,10.146777281429484
31013,-0.8895545959347033,34.07785577536694
31015,-0.8161019250398812,35.545628589661774
31017,-1.033199050335107,31.3018506700702
31019,-1.245962645202525,26.06892150606254
31021,-1.0390453421975172,31.14231014677728
31023,-2.5067676774991874,6.796426292278239
31025,-2.98064384680532,3.89278876834716
31027,-2.629008988927679,5.775366943203573
31029,-1.2403356004708672,26.292278238672623
31031,-1.1885761787295928,27.63241863433312
31033,-0.6177723698833808,39.6936821952776
31035,-1.7194631509462641,16.975111678366307
31037,-0.6689981198876158,38.48117421825143
31039,-1.7905395975419798,16.017868538608806
31041,-1.2697542359315925,25.558391831525206
31043,-0.08032348395534977,51.62731333758774
31045,-0.71439727276044,37.55583918315252
31047,-0.1507243471822576,50.0
31049,-0.44225305838173035,43.45883854499043
31051,-0.6771978371952461,38.28972559029994
31053,-1.0156760688667517,31.652839821314615
31055,-1.0806477513578157,30.1531589023612
31057,-1.3155447211430127,24.760689215060623
31059,-2.5034110622883534,6.860242501595406
31061,-0.9116706670691926,33.47160178685386
31063,-0.6667491277850656,38.54499042756861
31065,-0.6009471855158147,40.204211869814934
31067,-1.3333024918258494,24.377791959157626
31069,0.4185455481820399,62.06126356094448
31071,-1.4810115562612822,21.79323548181238
31073,-1.706289426718014,17.166560306317805
31075,-1.2574215167841163,25.749840459476708
31077,-1.3500314588050026,23.867262284620296
31079,-0.319380480860016,46.04339502233567
31081,-2.551334153262721,6.317804722399489
31083,-1.617676148014877,19.017230376515634
31085,-1.0396504728253848,31.110402042118697
31087,-0.9612593975060267,32.76962348436503
31089,-1.3294869452825595,24.50542437779196
31091,-1.6883926462136116,17.549457562220805
31093,-1.8594237900089923,14.550095724313975
31095,-1.145390733671238,28.621569878749202
31097,-1.5485124861670576,20.26164645820038
31099,-2.311656100501453,8.647096362476068
31101,-0.793803161954053,36.02425015954052
31103,0.004455853966836397,53.60561582641991
31105,0.09895191119390646,55.67964262922782
31107,-0.5318365601346366,41.54435226547543
31109,-1.2011442269967714,27.34524569240587
31111,-0.7414743073693831,37.077217613273774
31113,-2.6218809791193793,5.902999361837907
31115,-0.8377291967130086,35.25845564773453
31117,-1.098110857785623,29.802169751116786
31119,-1.2871558487502284,25.17549457562221
31121,-1.7990493182263383,15.85832801531589
31123,-0.1985082655681079,48.75558391831525
31125,-0.8930941111534519,34.04594767070836
31127,-0.13280584233222928,50.446713465220164
31129,-1.8316684795683915,15.060625398851307
31131,-1.7812270103972354,16.209317166560304
31133,-0.029140634873058797,52.90363752393108
31135,-1.530494238217108,20.612635609444798
31137,-1.6280441693397842,18.889597957881303
31139,-2.1367404035619333,10.306317804722399
31141,-1.6253103310884276,18.921506062539887
31143,-2.4440229907848248,7.275047862156987
31145,-1.0453607258615918,30.950861518825786
31147,-0.4121219426851511,43.90555201021059
31149,-1.5739740778884872,19.719208679004467
31151,-1.0367410675389814,31.174218251435864
31153,-3.4155959279546546,2.169751116783663
31155,-3.0551693949355982,3.6056158264199105
31157,0.10531327071336981,55.9029993618379
31159,-2.6928932776008545,5.328653477983408
31161,-0.40242281396651375,44.12890874282068
31163,-0.5360883131540858,41.480536056158265
31165,0.007506597736200634,53.63752393107849
31167,-2.761729315279228,4.850031908104659
31169,-1.2286182414881628,26.57945118059987
31171,-1.5537931841656176,20.0382897255903
31173,1.5914140699363413,81.6847479259732
31175,-1.6357566074414405,18.60242501595405
31177,-2.9723162218310715,3.956604977664327
31179,-1.1298202174311498,28.90874282067645
31181,-1.70204117222887,17.389917038927887
31183,-1.1919536450565686,27.50478621569879
31185,-1.876634572978307,14.199106573069558
32001,-0.8755705993751749,34.460753031269945
32003,0.5277031980610444,64.1033822590938
32005,-2.398667298340354,7.753669432035737
32007,-1.619386379393005,18.98532227185705
32009,1.5240722165918863,81.07849393746011
32011,-2.118718367531059,10.561582641991066
32013,-0.9674449627065362,32.61008296107211
32015,-0.6028106838052498,40.10848755583918
32017,-1.033113772465733,31.333758774728782
32019,-0.40373788739363387,44.06509253350351
32021,1.1026213299353573,74.98404594767071
32023,1.4089677687972126,79.41927249521379
32027,-0.10384776376005095,51.21250797702616
32029,-1.9803244101406774,12.25271218889598
32031,-1.1106878752448184,29.3873643905552
32033,-1.2472163230821718,25.941289087428203
32510,-0.31357699509126236,46.17102744097001
33001,-2.085231665956351,10.912571793235482
33003,-1.4525198172745077,22.144224633056798
33005,-1.8375416701066856,14.99680918953414
33007,-0.017515101846108213,53.15890236119974
33009,-1.991270294735147,12.125079770261646
33011,-2.712472928360967,5.201021059349074
33013,-2.4536373023406477,7.147415443522655
33015,-3.7802650347436098,1.3401403956604978
33017,-2.1507320365989404,10.082961072112315
33019,-1.1714792224308943,27.983407785577537
34001,0.1391256812295773,56.573069559668156
34003,-2.9971684521564455,3.7970644543714105
34005,-2.7436538624310725,4.977664326738992
34007,-0.3237490726114466,45.94767070835992
34009,-1.356426624015028,23.73962986598596
34011,1.6574727312519506,82.41863433312061
34013,0.7362324281413583,68.05998723675813
34015,-2.597553959087162,5.966815571155074
34017,-0.14130191543848966,50.15954052329291
34019,-4.643984297702813,0.2552648372686663
34021,-1.3933374498165536,23.165283982131463
34023,-2.066965753477694,11.167836630504148
34025,-3.3344624211989924,2.4569240587109125
34027,-4.181796057721204,0.7338864071474155
34029,-0.9565814814468064,32.929164007657945
34031,0.4176679911992149,62.0293554562859
34033,-0.1713936184056774,49.617102744097004
34035,-4.121145871051922,0.8615188257817485
34037,-3.349003571022736,2.297383535417996
34039,-1.2449198277436944,26.16464582003829
34041,-2.3298866879054745,8.391831525207403
35001,0.1554453328648189,56.98787492022974
35003,1.7930863735074514,83.82259093809827
35005,1.8463490799164064,84.42884492661136
35006,2.993468356560364,93.74601148691768
35007,1.0796398471169923,74.63305679642629
35009,2.0974231841971878,86.85386088066369
35011,1.9660741885455153,85.44990427568602
35013,2.695326265769364,91.95915762603701
35015,-0.5157243621054597,41.799617102744094
35017,1.8128523903983682,84.14167198468411
35019,2.7630817896816513,92.53350350989152
35021,2.213267219455148,88.1620931716656
35023,2.515190020727507,90.68283343969368
35025,1.7466892317748477,83.47160178685387
35027,1.149908995335301,75.71793235481813
35028,-5.536368714425913,0.06381620931716657
35029,4.183270132140395,97.38353541799617
35031,4.34599968191315,97.67070835992342
35033,1.6696364773874601,82.54626675175494
35035,2.0941349514040195,86.79004467134652
35037,2.569229262450729,91.06573069559668
35039,1.154579497558241,75.84556477345245
35041,1.7366556594957983,83.31206126356095
35043,-1.52513236671705,20.804084237396296
35045,2.5701325506955155,91.09763880025527
35047,2.4288883888571275,89.8532227185705
35049,-0.5140950724471854,41.86343331206127
35051,2.037233863912564,86.21569878749202
35053,2.8249446330346517,92.85258455647735
35055,1.021406599930768,73.48436502871729
35057,2.7141235448209033,92.1825143586471
35059,1.4144412836168336,79.45118059987237
35061,1.4844066262257432,80.50414805360562
36001,-1.0715327693142744,30.312699425654117
36003,0.47592343707230655,63.33758774728781
36005,5.02513271343615,98.81940012763242
36007,1.0372627654437383,73.73962986598596
36009,0.5699994997439276,64.93299298021698
36011,-0.1316085832591389,50.47862156987875
36013,0.953463936719476,71.98468410976388
36015,0.4876176811204106,63.497128270580724
36017,0.0709481938696117,54.881940012763245
36019,-0.4921615400066284,42.501595405232926
36021,-1.1573693813980468,28.270580727504786
36023,-0.19713929792347826,48.81940012763242
36025,0.23178847655422516,58.487555839183145
36027,-1.9975571286805083,12.061263560944479
36029,-0.6062423348148661,40.044671346522016
36031,-0.5874704103385991,40.395660497766436
36033,0.5351273995713477,64.29483088704531
36035,0.028054040515393716,54.116145500957245
36037,-1.245147504525883,26.132737715379704
36039,-0.8995191879713106,33.88640714741544
36041,-0.3801919906578475,44.76707083599234
36043,-0.7783994386237801,36.53477983407786
36045,0.041973195096681896,54.371410338225914
36047,1.613857636817822,81.97192086790045
36049,-0.36057858743144333,45.213784301212506
36051,-1.2993584455650067,24.952137843012125
36053,-1.2456111579337252,26.10082961072112
36055,-0.31066880338609626,46.29865985960434
36057,0.6371490436026315,66.30504148053605
36059,-3.9615170770321138,1.1167836630504147
36061,-0.4078757730071196,44.00127632418634
36063,-0.1703831728717645,49.64901084875558
36065,0.012743905147150597,53.70134014039566
36067,-0.38880387398332683,44.47989789406509
36069,-1.7047943825816636,17.19846841097639
36071,-0.6046102049320068,40.0765794511806
36073,0.2377483349333026,58.74282067645182
36075,0.7909106765451933,69.17677089980855
36077,-0.6655722286758402,38.64071474154435
36079,-3.433354250353055,2.105934907466496
36081,0.1830852252023762,57.6260370134014
36083,-1.2729227662595062,25.494575622208043
36085,-1.269543127978241,25.59029993618379
36087,-0.42948112104673564,43.58647096362476
36089,0.6999985102094377,67.38991703892788
36091,-2.94913897726701,4.148053605615827
36093,-0.848763739321339,34.971282705807276
36095,-0.9867598964229345,32.29100191448628
36097,-0.12701872017572208,50.670070197830256
36099,0.14099195209624282,56.60497766432674
36101,-0.10742468753215986,51.18059987236758
36103,-3.2113683515924545,2.9993618379068283
36105,1.0035401844045082,72.91001914486279
36107,-1.1192592589898802,29.10019144862795
36109,-0.9760452364971587,32.514358647096365
36111,-0.7411505430974061,37.10912571793236
36113,-1.181177381566708,27.72814294830887
36115,-0.6272170909189934,39.40650925335035
36117,-1.049992092613164,30.759412890874284
36119,-2.163556331647645,9.9234205488194
36121,-0.6513118451565023,38.99170389278877
36123,0.0967055025004753,55.615826419910654
37001,-0.1341481522787873,50.382897255903
37003,-0.11327416327071665,51.11678366305041
37005,1.7701766555734484,83.63114231014677
37007,2.7119656425191807,92.11869814932993
37009,0.31982614552182537,60.1148691767709
37011,0.43176047206892043,62.38034460753031
37013,1.4008501455841154,79.22782386726229
37015,3.2539016774555662,94.99042756860241
37017,1.8910509393096455,84.93937460114869
37019,-1.2151691637892725,26.93044033184429
37021,-0.7958117167087008,35.96043395022336
37023,0.5383631467389736,64.35864709636247
37025,-1.6824225197310791,17.613273771537973
37027,1.0987831705189335,74.85641352903637
37029,-1.8952674004059877,13.880025526483728
37031,-0.881969696767617,34.33312061263561
37033,0.958058651095903,72.08040842373963
37035,-0.2680006209485672,47.38353541799617
37037,-1.7779741573053474,16.24122527121889
37039,0.7813160383526055,69.04913848117423
37041,1.1719704405247908,76.10082961072112
37043,0.2764731614727654,59.38098276962348
37045,1.3268158464192084,78.07913209955328
37047,2.34289488749536,89.18315252074026
37049,-0.013581819811583047,53.318442884492654
37051,1.0586964016799087,74.09061901723038
37053,-1.9909341429304621,12.15698787492023
37055,-2.0177333121361247,11.646458200382897
37057,-0.11908903644043277,50.9572431397575
37059,-0.8660176863663387,34.620293554562856
37061,2.03087889174221,86.11997447351627
37063,-0.8646841070028943,34.68410976388003
37065,2.749988354038601,92.50159540523293
37067,0.40525104989534483,61.90172303765157
37069,-0.4997016563693798,42.246330567964264
37071,-0.12304513672507188,50.82961072112317
37073,0.32031843825178846,60.146777281429486
37075,0.9603790724564569,72.1442246330568
37077,-0.3836481052209927,44.60753031269943
37079,2.973720036023875,93.65028717294193
37081,0.24410828117580843,58.87045309508615
37083,3.356885457878597,95.27760051052967
37085,-0.006870907091408686,53.50989151244416
37087,-0.342651937319791,45.66049776643267
37089,-0.8881339868072092,34.109763880025525
37091,3.0807854494237996,94.12890874282067
37093,0.6510327944546834,66.52839821314613
37095,3.1877325245516688,94.63943841735801
37097,-1.428939497861831,22.431397574984047
37099,0.49865646259573876,63.688576898532226
37101,-1.3202173711661263,24.664964901084875
37103,1.2530616943975488,76.96234843650286
37105,0.9613256965438827,72.20804084237396
37107,2.940068886573147,93.55456285896618
37109,-1.6706931201419364,17.90044671346522
37111,0.6096825573803738,65.6349712827058
37113,0.1288499443609164,56.413529036375245
37115,-0.24009634179885592,47.95788130185067
37117,2.724855543077189,92.31014677728143
37119,-1.1323053682460327,28.876834716017868
37121,0.22307750969129386,58.328015315890234
37123,0.5936723993641835,65.37970644543714
37125,-1.7956010250929948,15.890236119974475
37127,0.8349341197230427,69.75111678366305
37129,-0.6831255056314357,38.1620931716656
37131,2.305297033722311,88.83216336949586
37133,0.17785254274178292,57.498404594767074
37135,-1.8505312614642027,14.67772814294831
37137,0.5373163030739561,64.32673899170389
37139,0.4214383324479859,62.12507977026165
37141,-0.8594647242170423,34.74792597319719
37143,0.4376921480898137,62.571793235481806
37145,0.06383892221245795,54.7543075941289
37147,1.2424829525980383,76.83471601786854
37149,-0.6738565399690578,38.32163369495852
37151,0.25184471855519147,59.02999361837907
37153,3.2526767227194835,94.95851946394384
37155,3.666939570337958,96.42629227823866
37157,1.4025629450476247,79.32354818123804
37159,0.6826235957424921,67.10274409700064
37161,1.009960367929637,73.16528398213146
37163,1.7248691489520207,82.96107211231653
37165,3.7728175397932335,96.5858328015316
37167,0.15102801082424688,56.8602425015954
37169,-0.08738900666920144,51.531589023612
37171,1.3052877883368408,77.72814294830887
37173,1.1079667533836188,75.04786215698788
37175,-0.6275976424761291,39.37460114869177
37177,1.9624712365292374,85.41799617102744
37179,-2.537268388290691,6.445437141033823
37181,2.2832457221183105,88.60880663688577
37183,-2.6307130951919704,5.74345883854499
37185,2.873903061724006,93.36311423101468
37187,3.6126904661647163,96.26675175494576
37189,1.0984283828539814,74.82450542437779
37191,1.3674684763476666,78.74920229738353
37193,1.7713724886939777,83.66305041480537
37195,2.4346746568151207,89.94894703254627
37197,0.2038865567677189,57.88130185067008
37199,0.7625466418547162,68.63433312061264
38001,-1.462126334951913,22.048500319081047
38003,-1.5247162724961667,20.835992342054883
38005,1.5805376129007473,81.52520740268028
38007,-3.1497423323066855,3.190810465858328
38009,-2.0101344966053265,11.805998723675813
38011,-1.9282043480139466,13.33758774728781
38013,-2.6075442258307544,5.93490746649649
38015,-2.6576582585460824,5.615826419910657
38017,-1.7540490226150616,16.52839821314614
38019,-2.3156299025272737,8.583280153158903
38021,-1.0345047340967373,31.26994256541161
38023,-1.822803522927165,15.283982131461391
38025,-2.250080714359594,9.189534141671984
38027,-0.6830232328242047,38.19400127632419
38029,-1.2100026255352447,27.058072750478622
38031,-2.9406158222233083,4.211869814932992
38033,-0.514213718333699,41.831525207402684
38035,-1.1888770833753133,27.600510529674537
38037,0.6762035496872543,66.9751116783663
38039,-1.7120602494442543,17.070835992342055
38041,-0.7088290979283479,37.683471601786856
38043,-1.144921202257406,28.65347798340779
38045,-2.270859916921058,9.125717932354819
38047,-0.8265891222332108,35.386088066368856
38049,-1.255471779355759,25.78174856413529
38051,-1.1629001242411243,28.111040204211868
38053,-1.9653931484675107,12.667517549457564
38055,-2.7434037434869034,5.009572431397575
38057,-2.299447152077054,8.838544990427568
38059,-2.2255871581332003,9.380982769623484
38061,-1.0608204467675413,30.472239948947035
38063,-2.065464541314672,11.231652839821313
38065,-2.19022319700137,9.700063816209317
38067,-1.533249727461173,20.548819400127634
38069,-1.6300124510800802,18.793873643905552
38071,-1.3875279617559995,23.197192086790043
38073,-2.0356110760347246,11.327377153797064
38075,-2.398615139148663,7.78557753669432
38077,-1.8891825695067914,13.91193363114231
38079,2.0580047526192016,86.40714741544352
38081,-2.944475980336523,4.1799617102744095
38083,-1.110700823094906,29.323548181238035
38085,5.645369742303964,99.36183790682833
38087,-1.2844996894096175,25.207402680280794
38089,-2.2761265583094046,9.029993618379068
38091,-2.5588460707179657,6.285896617740907
38093,-0.8277466516241171,35.35417996171027
38095,-0.7464410595633624,36.98149329929802
38097,-2.713606148773186,5.169112954690491
38099,-1.148510720778951,28.49393746011487
38101,-1.9063565586102342,13.62476068921506
38103,-1.2802022957384835,25.30312699425654
38105,-2.3829719070418482,7.945118059987237
39001,1.7331669374284122,83.21633694958518
39003,-0.3174644851889415,46.10721123165284
39005,-0.8437789311259516,35.09891512444161
39007,1.4817885987849442,80.44033184428845
39009,1.4242263468855196,79.61072112316529
39011,-2.30618799101268,8.710912571793235
39013,0.10330777722622335,55.80727504786216
39015,0.15453906332767808,56.95596681557116
39017,-1.1083740489670322,29.546904913848117
39019,-0.5717514035949602,40.6509253350351
39021,-1.4132920588626559,22.718570516911296
39023,0.49102152508207075,63.529036375239315
39025,-1.8051553530617694,15.730695596681556
39027,-0.5406514744132882,41.35290363752393
39029,0.15565587670345,57.0516911295469
39031,0.9027685532621442,70.9955328653478
39033,0.44770653498635177,62.763241863433315
39035,0.7622648532963702,68.60242501595405
39037,-1.1573118294322335,28.30248883216337
39039,-1.1577401575128463,28.2386726228462
39041,-4.589361921571209,0.3190810465858328
39043,-0.7461359486684983,37.0134014039566
39045,-2.1207928153024542,10.497766432673899
39047,0.43605708520179953,62.50797702616464
39049,-0.2534560854923139,47.766432673899175
39051,-2.135356964288871,10.370134014039566
39053,1.1108950602372059,75.17549457562221
39055,-3.2145347040501933,2.967453733248245
39057,-1.9750476304782936,12.380344607530311
39059,0.5639165059675464,64.83726866624121
39061,-0.36727973025619237,44.958519463943844
39063,-1.7108121861059122,17.102744097000638
39065,-0.12345530456981928,50.797702616464576
39067,0.23426593024960493,58.615188257817486
39069,-1.6685919572843604,17.9323548181238
39071,0.3347670723480795,60.6892150606254
39073,0.4392130415811658,62.6037013401404
39075,0.258380971612298,59.093809827696234
39077,-0.6076714984155929,39.98085513720485
39079,0.8365838591602802,69.78302488832163
39081,0.7808600681899842,69.01723037651564
39083,-1.065997195316108,30.408423739629864
39085,-1.928677279590863,13.273771537970644
39087,0.5797630711172838,65.12444160816847
39089,-1.8440787441815167,14.773452456924058
39091,-0.905751058301983,33.72686662412253
39093,-0.5440192638761282,41.25717932354818
39095,0.7525130097687479,68.34716017868539
39097,-1.6290106034323764,18.85768985322272
39099,1.0312798965852044,73.64390555201021
39101,0.6213034327323497,65.85832801531589
39103,-3.0855142859396665,3.4779834077855774
39105,1.6998216469979932,82.64199106573069
39107,-2.396971939716383,7.817485641352903
39109,-1.7328158860695657,16.751754945756222
39111,0.3620599548704981,61.19974473516273
39113,0.0655048136017978,54.78621569878749
39115,0.9902129303756686,72.59093809827696
39117,-1.5846949342353551,19.527760051052965
39119,-0.013810985731352126,53.286534779834085
39121,0.19970774020490956,57.8174856413529
39123,-1.8018886685400606,15.794511805998724
39125,-1.215190148362155,26.898532227185708
39127,-0.07417209493878225,51.81876196553925
39129,-1.0555867471967648,30.536056158264195
39131,1.7674813859833813,83.59923420548819
39133,-1.0468541016620534,30.887045309508615
39135,-1.4025734161689887,22.97383535417996
39137,-3.174416491372119,3.1269942565411615
39139,0.23214405934776858,58.55137204850032
39141,0.3397748743085795,60.81684747925973
39143,-0.8136827722514665,35.641352903637525
39145,2.1141345834255945,87.0134014039566
39147,-1.001744281432698,32.03573707721761
39149,-1.3339948833660051,24.31397574984046
39151,-0.6111505777656977,39.85322271857052
39153,-0.5804941565908126,40.58710912571794
39155,0.7581180209055729,68.44288449266114
39157,-0.2766300201313702,47.19208679004468
39159,-3.8742464781037844,1.2763241863433312
39161,-1.5265023239649764,20.676451818761965
39163,1.4238829215231108,79.5788130185067
39165,-3.7345737258372798,1.4039566049776642
39167,-0.01246071552636984,53.38225909380982
39169,-1.2238184798351464,26.67517549457562
39171,-0.909332576612526,33.63114231014678
39173,-1.4182547909686123,22.622846202935545
39175,-2.0025991788407964,11.997447351627313
40001,2.3134238070942397,88.95979578813018
40003,-0.7477085090728761,36.94958519463944
40005,1.4254751676702802,79.70644543714104
40007,-1.0907708215967016,29.92980216975112
40009,1.318669408381261,77.8557753669432
40011,0.8275550441175781,69.68730057434588
40013,0.6083838116829354,65.60306317804722
40015,1.0376145441225832,73.77153797064454
40017,-2.108076316830011,10.689215060625399
40019,0.2517832209308218,58.99808551372049
40021,1.1104294296160606,75.14358647096363
40023,2.4212390271738493,89.78940650925335
40025,-0.8535805502937158,34.875558391831525
40027,-0.9985992510747823,32.099553286534785
40029,2.2115979415915032,88.13018506700702
40031,0.5425329451058346,64.45437141033823
40033,0.9371670732530872,71.66560306317805
40035,1.6040129173215274,81.78047223994895
40037,-0.38090319618587515,44.73516273133376
40039,0.27537757214075476,59.349074664964895
40041,1.2363001452822184,76.77089980855138
40043,-0.47643350825796416,42.72495213784301
40045,0.5985772091376917,65.4435226547543
40047,0.3267444849859785,60.370134014039564
40049,0.3332254346557551,60.65730695596682
40051,-0.8453389029025375,35.06700701978303
40053,-0.7236663305464549,37.42820676451819
40055,1.6506325232625219,82.35481812380344
40057,2.863630779527908,93.3312061263561
40059,-0.9912955170375672,32.22718570516911
40061,2.2300778168058017,88.28972559029994
40063,1.7888721626660968,83.75877472878112
40065,0.47424392176877583,63.273771537970646
40067,1.8391395515832052,84.33312061263561
40069,1.5277888042586851,81.11040204211871
40071,1.0104774484634147,73.19719208679004
40073,-1.3667261556049204,23.51627313337588
40075,2.084907977211923,86.63050414805362
40077,2.3103098700500304,88.92788768347161
40079,1.6453002913581956,82.29100191448629
40081,-0.027646436069723775,52.99936183790683
40083,-1.6159930946036294,19.0810465858328
40085,0.22249205229985397,58.264199106573066
40087,-1.5259371695446002,20.70835992342055
40089,1.7541266496321803,83.53541799617102
40091,1.764464353382602,83.5673261008296
40093,-1.3551739244373486,23.80344607530313
40095,1.289706883215826,77.40906190172304
40097,0.8289104009396638,69.71920867900447
40099,-0.494339726789383,42.40587109125718
40101,1.2913876278153187,77.4728781110402
40103,-0.9607747810271801,32.80153158902361
40105,0.3493503770785287,60.91257179323548
40107,2.224446385183125,88.25781748564135
40109,0.3306071558411493,60.46585832801532
40111,1.7079405507109569,82.76962348436503
40113,0.003777400369137656,53.57370772176133
40115,1.3007899041063646,77.6643267389917
40117,0.05367973741814359,54.49904275686024
40119,0.9295898988876142,71.47415443522654
40121,1.1000072728258588,74.88832163369496
40123,-0.19501131948105138,49.01084875558392
40125,0.6363714548254967,66.17740906190173
40127,3.110435007617029,94.32035737077217
40129,0.15158691835299576,56.89215060625399
40131,-1.505503729261895,21.250797702616463
40133,2.7182503956021544,92.27823867262285
40135,2.002733127810589,85.70516911295469
40137,0.715015996204989,67.64518187619656
40139,0.9816679438488716,72.46330567964263
40141,2.2220917765474653,88.22590938098277
40143,0.10051227737911858,55.711550733886405
40145,-1.525647757319899,20.772176132737716
40147,-0.26477140665431326,47.511167836630506
40149,0.5282752730954137,64.13529036375239
40151,0.1445955258527774,56.76451818761965
40153,0.16601338791114129,57.30695596681558
41001,0.26195253860362755,59.1576260370134
41003,-0.45943424095794455,43.20357370772176
41005,-2.4911855937884524,6.924058710912571
41007,-0.660700782622412,38.768347160178685
41009,-1.4355358484751215,22.335673261008296
41011,0.755302139080242,68.37906828334397
41013,-1.208244864470747,27.121888959795786
41015,0.4035295875480812,61.86981493299298
41017,-1.674118358189338,17.772814294830887
41019,0.4005972090229589,61.80599872367581
41021,-0.15530018566043363,49.872367581365666
41023,0.6174387479573276,65.73069559668156
41025,0.39131089971994437,61.646458200382895
41027,-1.2282558709565206,26.611359285258455
41029,-0.3101148860787063,46.394384173580086
41031,0.3511729619413002,60.94447989789407
41033,1.276779485896939,77.31333758774728
41035,0.9971681590499321,72.68666241225272
41037,1.0333811825409633,73.6758136566688
41039,0.08129682758063653,55.16911295469049
41041,0.5931308311012166,65.34779834077857
41043,-0.20379033454755202,48.6598596043395
41045,2.0913988010668865,86.72622846202935
41047,0.09763874642876566,55.64773452456924
41049,0.6010249375214487,65.50733886407147
41051,-0.9534203829808999,32.99298021697511
41053,-0.8774617003586158,34.39693682195278
41055,-0.4744145342996235,42.756860242501595
41057,-0.2086994913691367,48.53222718570517
41059,-0.013571888271360886,53.35035098915124
41061,-0.0032703276052530534,53.54179961710275
41063,-1.0128629410621253,31.71665603063178
41065,0.42265232014180165,62.22080408423739
41067,-2.430640385444797,7.338864071474155
41069,0.5682998523339529,64.9010848755584
41071,-1.0776850941633043,30.248883216336946
42001,-1.8668219153012418,14.29483088704531
42003,-1.3470501645950421,23.93107849393746
42005,-0.6983680639086453,37.843012125079774
42007,-1.205877325860152,27.24952137843012
42009,-0.5035423420053994,42.086790044671346
42011,-0.6412140516018391,39.119336311423105
42013,-0.5363565580645236,41.44862795149968
42015,-0.45876969269166623,43.23548181238034
42017,-3.261959862961742,2.6483726866624124
42019,-2.403692100647589,7.689853222718571
42021,-0.09883263463054179,51.34014039566049
42023,0.9353320815935474,71.63369495851947
42025,-0.247400182033051,47.86215698787492
42027,-1.070284862091236,30.376515634971284
42029,-3.7449012993805457,1.372048500319081
42031,-0.23614832694343077,48.05360561582642
42033,-0.13707446088240655,50.319081046585836
42035,0.03509854667630553,54.24377791959157
42037,-0.35317591517774216,45.50095724313976
42039,0.12353785371160032,56.25398851308232
42041,-2.290015355988377,8.934269304403317
42043,-0.8138295385749837,35.60944479897894
42045,-1.3467886889417378,23.962986598596043
42047,-0.8213717959354787,35.48181238034461
42049,0.16877046217064204,57.37077217613273
42051,0.8161226011037324,69.62348436502872
42053,1.352754060932129,78.4301212507977
42055,-1.5017106030454586,21.28270580727505
42057,-0.8986584508899262,33.950223356732614
42059,-0.48495723601668295,42.597319719208684
42061,-0.4541830373971475,43.29929802169751
42063,0.12457191436620603,56.31780472239949
42065,-0.024017364517230688,53.03126994256541
42067,-0.6026133975010457,40.14039566049777
42069,-0.3785028009542828,44.83088704530951
42071,-1.6025416747723085,19.208679004467136
42073,-0.07142384880644786,51.850670070197836
42075,-0.7819945001517868,36.470963624760685
42077,-0.48362716542967155,42.62922782386726
42079,0.32447077715945244,60.27440970006381
42081,-0.4210191843135383,43.68219527760051
42083,-0.0591156640573543,52.20165922144224
42085,-0.16063569939907207,49.71282705807275
42087,0.5862096031681985,65.22016592214422
42089,-0.7395490378328136,37.141033822590934
42091,-3.238977796502146,2.8079132099553283
42093,-1.7670982096787093,16.368857689853222
42095,-1.302764295739054,24.92022973835354
42097,-0.23494264054260652,48.11742182514359
42099,-1.3543862357619623,23.83535417996171
42101,2.314025242244367,89.02361199744735
42103,-1.0104611087229036,31.78047223994895
42105,0.2135012143010832,58.008934269304405
42107,-0.3898857040788952,44.41608168474793
42109,-0.9211192288633181,33.343969368219526
42111,-0.0791625478868022,51.65922144224633
42113,-0.209775781255506,48.43650287172942
42115,-0.35807654759202906,45.24569240587109
42117,-0.42191925531082136,43.65028717294193
42119,-0.9389990570470707,33.088704530950864
42121,0.24452079554390713,58.90236119974473
42123,-0.6122501934032404,39.82131461391194
42125,-1.5632098103145167,19.8468410976388
42127,-0.15077985118534631,49.968091895341416
42129,-1.624647093676368,18.953414167198467
42131,-1.0832275572742007,30.05743458838545
42133,-1.6464953667936824,18.37906828334397
44001,-2.994402345986564,3.8289725590299937
44003,-1.9319146333947816,13.178047223994897
44005,-2.2727612136659294,9.093809827696235
44007,0.024713509489988777,54.08423739629866
44009,-2.63617502272242,5.679642629227824
45001,0.8100509554494303,69.52776005105297
45003,0.18829983870990635,57.68985322271857
45005,5.574735327813816,99.23420548819401
45007,0.15088230652961818,56.82833439693682
45009,4.109655341503178,97.19208679004467
45011,2.6115187149374304,91.2252712188896
45013,-1.5587840268675142,19.94256541161455
45015,-1.415235165177054,22.686662412252712
45017,1.0398727294052004,73.80344607530313
45019,-1.2460901211411424,26.037013401403957
45021,1.2698680653205887,77.21761327377153
45023,1.3284616377814824,78.14294830887046
45025,2.493746600828624,90.42756860242501
45027,2.8299789517255483,93.01212507977026
45029,2.320361299191067,89.05552010210593
45031,2.021401573713215,86.02425015954053
45033,4.242857606546647,97.54307594128909
45035,-0.8486727336087837,35.00319081046585
45037,1.0442163920463088,73.8672622846203
45039,2.219326830731072,88.19400127632419
45041,1.126454366296656,75.43075941289088
45043,0.3756851292511863,61.48691767708998
45045,-1.0817869376356843,30.121250797702615
45047,1.3755031470360914,78.84492661135928
45049,3.1675619343340267,94.54371410338226
45051,0.1237595591894785,56.2858966177409
45053,1.1286678945561874,75.46266751754945
45055,-0.20483578272071845,48.62795149968092
45057,-0.9900904406252422,32.2590938098277
45059,1.479935120018189,80.3446075303127
45061,4.221280512509305,97.47925973197192
45063,-1.043535692471969,30.982769623484362
45065,1.4674305155708214,80.18506700701978
45067,3.9980614614379997,97.06445437141033
45069,3.584858280654899,96.20293554562859
45071,0.6710642951353454,66.94320357370772
45073,0.523881630551263,64.03956604977664
45075,3.0740708688108653,94.0970006381621
45077,0.23132241464536557,58.455647734524575
45079,0.4665329076911538,63.08232291001914
45081,0.8602296254456372,70.26164645820037
45083,0.17502414246216355,57.46649649010849
45085,0.9824031668420767,72.49521378430121
45087,2.7002718274414317,92.08679004467135
45089,2.6855198897382895,91.83152520740268
45091,-1.9372456937021987,13.05041480536056
46003,-1.9314279539005321,13.209955328653479
46005,-0.1860199829680194,49.202297383535424
46007,3.356280328789086,95.2456924058711
46009,-0.6083305019660864,39.948947032546265
46011,-1.6052214688557702,19.14486279514997
46013,-1.7715899002190092,16.305041480536055
46015,-0.3082357939874364,46.49010848755584
46017,5.729065963323798,99.4256541161455
46019,-0.1856751788618246,49.234205488194
46021,-1.143497121140194,28.685386088066366
46023,1.3189809312546081,77.88768347160179
46025,-0.7594359541124537,36.75813656668794
46027,0.6390714248969578,66.36885768985323
46029,-1.5563513764963026,20.00638162093172
46031,7.038981282573675,99.84045947670708
46033,-1.3953154785075692,23.13337587747288
46035,-0.9646515658938927,32.6419910657307
46037,-0.6636801605251001,38.70453095086152
46039,-2.627790109461154,5.83918315252074
46041,3.4417875861633407,95.75622208040842
46043,-1.8009915932006357,15.826419910657307
46045,-1.877239648442587,14.167198468410977
46047,0.21146281563546562,57.97702616464582
46049,-0.23570576440990834,48.085513720485004
46051,-1.8263715636499551,15.188257817485642
46053,-0.3010981292874121,46.68155711550734
46055,-1.7041299614697138,17.262284620293556
46057,-2.316507286804463,8.551372048500319
46059,-2.2968491187638995,8.870453095086152
46061,-2.4838613879906255,7.019783024888322
46063,-2.4008322595845972,7.721761327377154
46065,-2.7463005677112537,4.9457562220804085
46067,-1.520235458404183,20.995532865347798
46069,-2.006229104293539,11.86981493299298
46071,3.656973737720351,96.3943841735801
46073,-1.4380498660835492,22.303765156349716
46075,-1.0945227525823664,29.834077855775366
46077,-1.8848948403920731,14.039566049776644
46079,-2.1925409054256666,9.604339502233568
46081,-1.4211794333311745,22.590938098276965
46083,-3.7221780955762407,1.467772814294831
46085,1.470614367804288,80.24888321633695
46087,-2.2880757524210638,8.9661774090619
46089,-0.03580469187242595,52.64837268666241
46091,-2.010725069126043,11.77409061901723
46093,-1.8651801910627046,14.358647096362475
46095,5.631610574381311,99.32992980216974
46097,-1.5509206433625646,20.229738353541798
46099,-2.0300791164623835,11.391193363114231
46101,-2.0229794909120464,11.550733886407146
46102,6.797290987936268,99.77664326738991
46103,-0.9349799809896725,33.184428844926614
46105,-0.6693596832839792,38.44926611359285
46107,-2.421103090966218,7.402680280791321
46109,0.6498663101751515,66.46458200382898
46111,-1.2946585054769453,25.015954052329292
46115,-1.3688570774250925,23.452456924058712
46117,-3.3159512230018002,2.520740268028079
46119,-3.2568761247605837,2.6802807913209956
46121,6.574386087054692,99.74473516273133
46123,0.9308632482530017,71.53797064454372
46125,-2.025217086231857,11.455009572431397
46127,-2.845905038415194,4.5628589661774095
46129,-0.31975058115058996,46.01148691767709
46135,-2.0043044574562296,11.933631142310148
46137,7.465201134663952,99.90427568602425
47001,-0.292186556166187,46.96873005743459
47003,-0.1363745319881408,50.35098915124442
47005,1.2914004438225135,77.50478621569879
47007,2.6546035523117033,91.48053605615827
47009,-1.4064580246123652,22.910019144862794
47011,-0.021229861546092094,53.095086151882576
47013,2.276901553444927,88.51308232291002
47015,-0.26410601377270204,47.54307594128909
47017,0.6414776541440271,66.40076579451181
47019,1.4248327697062246,79.67453733248246
47021,-1.6815938068739658,17.677089980855136
47023,0.8625351124088324,70.29355456285896
47025,1.9594280687986252,85.38608806636886
47027,1.867265696846242,84.68410976388002
47029,2.4701477397811913,90.29993618379069
47031,0.4997803698728403,63.72048500319081
47033,0.45388665530225536,62.827058072750475
47035,0.5613622977066416,64.67772814294831
47037,-0.13128197618366444,50.51052967453733
47039,1.4657410590180446,80.1531589023612
47041,1.6486037891022312,82.32291001914487
47043,-1.1600062293132616,28.174856413529035
47045,0.7673558922683211,68.76196553924697
47047,-1.3573110755493218,23.675813656668794
47049,2.4526006084416925,90.14039566049776
47051,-0.3710130865890509,44.86279514996809
47053,0.4236954547994464,62.28462029355456
47055,0.3635138551452261,61.231652839821315
47057,1.4824543545848932,80.47223994894703
47059,0.8866000815415561,70.83599234205488
47061,1.9526540899122367,85.32227185705169
47063,0.9242885150811018,71.31461391193363
47065,-0.9115505129932081,33.503509891512444
47067,4.438146321558444,97.92597319719208
47069,3.0991847004582254,94.22463305679642
47071,1.6350833003748169,82.19527760051054
47073,1.2229747308337562,76.70708359923421
47075,3.0986198772167994,94.19272495213784
47077,0.6370169844144781,66.27313337587746
47079,0.9316418247357753,71.5698787492023
47081,0.3580588859930689,61.07211231652839
47083,0.33117311422000345,60.561582641991066
47085,0.8101108985230457,69.55966815571155
47087,1.8792376976970024,84.7479259731972
47089,-0.32191690506828796,45.979578813018506
47091,1.7795185813541219,83.72686662412254
47093,-1.1483119659251337,28.52584556477345
47095,4.368114924712725,97.76643267389917
47097,2.017601260625905,85.83280153158903
47099,0.7938186742448629,69.2724952137843
47101,0.9538842033447843,72.01659221442246
47103,-0.35138324149427375,45.53286534779834
47105,-1.3206421971307833,24.601148691767712
47107,0.22812740279557478,58.39183152520741
47109,1.1022337958115929,74.95213784301212
47111,0.9606586024011105,72.17613273771538
47113,1.0027650265960928,72.8781110402042
47115,0.9661392432391646,72.30376515634971
47117,-0.1982131414274742,48.78749202297384
47119,-1.4705292391335423,21.88895979578813
47121,1.077597319359488,74.50542437779197
47123,0.9803528389831676,72.43139757498405
47125,-0.6962743299489693,37.906828334396934
47127,-0.20009189538679215,48.691767708998086
47129,1.5423429602963492,81.14231014677729
47131,1.0231445106742632,73.54818123803446
47133,0.7173530860026316,67.70899808551371
47135,2.1890281196694965,87.87492022973835
47137,1.3329862343269439,78.23867262284621
47139,0.7618493024395286,68.57051691129547
47141,0.7346547690643841,67.99617102744097
47143,1.0788134223513233,74.6011486917677
47145,-0.2929843467995585,46.936821952776
47147,-1.321537989259623,24.569240587109125
47149,-1.6465361003070824,18.34716017868539
47151,3.1421063588136118,94.51180599872367
47153,1.0701844169359962,74.4097000638162
47155,-0.271551661294898,47.28781110402042
47157,1.1256710988914225,75.3988513082323
47159,-0.3958029069692126,44.25654116145501
47161,-0.5694272821415585,40.714741544352265
47163,0.6674014720621038,66.81557115507339
47165,-2.108230929297325,10.657306955966815
47167,-0.46585241064493027,43.012125079770264
47169,-0.5183475464254982,41.76770899808551
47171,0.873949765947867,70.45309508615189
47173,1.0058373483591174,72.97383535417995
47175,1.2930448637442433,77.56860242501595
47177,0.7609366982623236,68.5067007019783
47179,-0.17529488456615078,49.4256541161455
47181,1.4565554067946773,80.12125079770261
47183,0.8464671396260026,69.94256541161455
47185,1.4225274220892579,79.54690491384811
47187,-5.012015700144375,0.1914486279514997
47189,-2.5220076286803397,6.668793873643905
48001,0.525259433120003,64.07147415443522
48003,0.2437969457171785,58.838544990427565
48005,1.2658681028802257,77.15379706445438
48007,0.9275423763305788,71.44224633056795
48009,-1.494312673576823,21.442246330567965
48011,-2.1642720617483273,9.891512444160817
48013,0.9303526459481092,71.50606253988514
48015,-0.11226202684559569,51.148691767708996
48017,0.5476779930354354,64.48627951499681
48019,-0.3885376697380384,44.51180599872367
48021,-0.2821772443767201,47.1282705807275
48023,-0.19693527974548783,48.88321633694959
48025,2.4108262155363067,89.75749840459477
48027,0.6661607224990436,66.71984684109763
48029,0.6562261692796315,66.62412252712188
48031,-1.704695781284737,17.230376515634973
48033,-3.233133706591628,2.871729419272495
48035,-0.34700654151626564,45.628589661774086
48037,0.765218559495213,68.6981493299298
48039,-1.725940172654067,16.84747925973197
48041,0.8550430316050162,70.16592214422464
48043,0.1089834724358648,55.966815571155074
48045,1.8433375629112028,84.39693682195278
48047,4.459933514901055,97.98978940650926
48049,0.6599955681666136,66.65603063178047
48051,-0.30985341051617243,46.42629227823868
48053,-1.181889681379256,27.696234843650284
48055,0.4776966213419827,63.36949585194639
48057,-0.1435983382946483,50.09572431397575
48059,-0.626030280003717,39.438417358008934
48061,3.480842872430009,95.91576260370134
48063,1.6369520195335265,82.2590938098277
48065,-2.405137476108934,7.626037013401405
48067,1.3625316348031948,78.6215698787492
48069,0.9349136691291763,71.60178685386089
48071,-1.8038967391017813,15.762603701340142
48073,1.725493543213608,83.0248883216337
48075,2.1477588105031464,87.4282067645182
48077,-1.7944792573390969,15.922144224633056
48079,4.163649599325734,97.319719208679
48081,0.8847617123109305,70.74026802807913
48083,1.0222674302605734,73.51627313337588
48085,-3.5108368310404696,1.9144862795149968
48087,1.3575764953309433,78.55775366943205
48089,0.23515174318166274,58.679004467134654
48091,-2.696909063105079,5.296745373324825
48093,1.0154201635518798,73.38864071474156
48095,1.5026568335634494,80.75941289087429
48097,-0.5104786856156578,41.95915762603701
48099,-0.027774251969413702,52.96745373324825
48101,2.294489918687825,88.7364390555201
48103,-0.3493307421006592,45.564773452456926
48105,-0.12025100419136389,50.893426930440334
48107,2.5156101621592133,90.71474154435226
48109,2.552124787187368,90.90619017230377
48111,0.3218928550426679,60.17868538608807
48113,0.6999755016288508,67.35800893426931
48115,3.927145443833023,96.77728142948308
48117,1.3839811177013346,79.0044671346522
48119,0.637787704727813,66.33694958519463
48121,-2.8607841073858733,4.403318442884493
48123,1.0133514715936558,73.32482450542437
48125,1.8236403962091252,84.17358008934269
48127,5.003140391110187,98.78749202297384
48129,0.2204706950264555,58.2003828972559
48131,3.5217744588662385,95.9795788130185
48133,0.5911278109523256,65.31589023611998
48135,1.122524289859087,75.36694320357371
48137,2.683868993157952,91.76770899808552
48139,-1.8392842499860476,14.96490108487556
48141,2.443643048195362,90.04467134652202
48143,0.4976171034042962,63.656668793873635
48145,2.504999087181338,90.58710912571793
48147,0.06816681549681974,54.850031908104654
48149,-1.1902418834232495,27.53669432035737
48151,-0.2760194168701181,47.22399489470325
48153,2.5018984142709657,90.55520102105935
48155,2.3219716175134093,89.08742820676451
48157,-2.634499375877766,5.7115507338864075
48159,-0.7240106579015462,37.3962986598596
48161,0.30207845741666844,59.795788130185066
48163,2.6773681527566042,91.73580089342693
48165,1.4218305846516373,79.51499680918953
48167,-0.7849782683794655,36.407147415443525
48169,2.6969628001243424,91.9910657306956
48171,-1.3956558703147217,23.101467772814292
48173,-3.115393906652046,3.318442884492661
48175,0.019034153798595573,53.86088066368858
48177,0.5563155566634709,64.58200382897256
48179,1.2619075802999846,77.05807275047863
48181,-0.7888927438375332,36.21569878749202
48183,0.4375338452103895,62.53988513082322
48185,0.7789064401889217,68.95341416719847
48187,-1.6546217666696579,18.18761965539247
48189,2.431221184095495,89.8851308232291
48191,2.787141584560524,92.69304403318442
48193,0.03406950814834684,54.179961710274405
48195,0.316696108888175,60.051052967453735
48197,0.1661318324619757,57.33886407147415
48199,-0.7013903396438644,37.81110402042119
48201,1.2155603155461967,76.54754307594129
48203,0.38728165593226827,61.61455009572432
48205,-2.0977154425921687,10.753031269942566
48207,2.018839083814981,85.86470963624761
48209,-1.4176116471701012,22.65475430759413
48211,-1.490005520840753,21.633694958519463
48213,0.4619643022225034,63.05041480536057
48215,4.476719198843764,98.05360561582643
48217,0.32461185238170637,60.3063178047224
48219,1.0138669369425715,73.35673261008296
48221,-1.3452927438115603,24.02680280791321
48223,0.1290120835442693,56.44543714103383
48225,2.0031314332825825,85.73707721761328
48227,0.7991446468417734,69.36821952776006
48229,6.330293755535961,99.68091895341416
48231,-0.03945499516001417,52.55264837268666
48233,-0.7307531024027277,37.268666241225276
48235,-2.1624552712511482,9.955328653477984
48237,1.5431448379304318,81.17421825143587
48239,0.5150078456488364,64.00765794511805
48241,2.5076639630009434,90.61901723037651
48243,0.8416099805619887,69.87874920229739
48245,1.2772058333681264,77.34524569240587
48247,3.9216811308579027,96.7453733248245
48249,2.825878643329771,92.88449266113594
48251,-1.168561719040213,28.01531589023612
48253,1.064435396246276,74.21825143586472
48255,1.4952389963347008,80.69559668155712
48257,-1.333734429442807,24.345883854499043
48259,-3.3160084423236387,2.488832163369496
48261,4.34802496822434,97.70261646458201
48263,-1.26543521687225,25.622208040842377
48265,-0.18738091057430503,49.17038927887683
48267,0.7674066552029868,68.79387364390556
48269,-0.2405792479298424,47.925973197192086
48271,0.628965966353841,66.04977664326739
48273,2.9147498388694375,93.45883854499043
48275,1.1543389074371113,75.81365666879387
48277,0.4168364999169788,61.99744735162731
48279,1.362794478946861,78.65347798340778
48281,-0.30479512782522944,46.61774090619018
48283,4.27932261684772,97.57498404594767
48285,-0.33715051031819043,45.69240587109126
48287,-0.15848941415597514,49.77664326738992
48289,0.31495648727781034,59.98723675813656
48291,1.9508618525615016,85.22654754307594
48293,1.2828912184099202,77.37715379706445
48295,-0.31462735153936866,46.139119336311424
48297,1.62025302170628,82.06764518187619
48299,0.1620285916261186,57.243139757498405
48301,-4.605899430776153,0.2871729419272495
48303,0.4716072101042984,63.178047223994895
48305,1.3662534842380143,78.71729419272495
48307,2.2007154265497513,88.03446075303127
48309,0.5994205116219389,65.47543075941289
48311,0.45732361329497956,62.89087428206764
48313,0.9257985090068281,71.3784301212508
48315,2.1999128926593237,87.9706445437141
48317,0.06012623674973742,54.69049138481174
48319,-0.6092322401580644,39.91703892788768
48321,1.8819898933207901,84.77983407785578
48323,4.229234428973128,97.5111678366305
48325,-0.9589155743911095,32.86534779834078
48327,3.692615131204291,96.45820038289725
48329,-1.1485810030161263,28.462029355456288
48331,0.775332327388691,68.92150606253989
48333,-0.5272225439360193,41.576260370134015
48335,0.46030655222256756,62.9865985960434
48337,-0.05149451592418437,52.29738353541799
48339,-2.088894296847277,10.880663688576899
48341,0.9139761077343108,71.15507338864072
48343,1.057096830440923,74.0268028079132
48345,0.10909599296921936,55.99872367581366
48347,2.183084327675518,87.81110402042118
48349,2.393301004590663,89.62986598596044
48351,3.0089782498463675,93.77791959157626
48353,1.8393890914582867,84.3650287172942
48355,1.2006212182206106,76.35609444798979
48357,0.20717934480468764,57.94511805998723
48359,0.20366765304113146,57.84939374601149
48361,-0.2896301642595578,47.000638162093175
48363,1.073338337775119,74.44160816847479
48365,0.021484662283719477,54.020421186981494
48367,-2.4116982395478885,7.434588385449905
48369,0.8857364287445324,70.77217613273771
48371,1.3167989910563545,77.79195915762604
48373,2.0162040772278726,85.80089342693043
48375,2.425131463027023,89.82131461391192
48377,6.109381457533852,99.64901084875558
48379,-0.286007166100371,47.03254626675176
48381,-2.186118654148687,9.7319719208679
48383,-0.8709675286216955,34.52456924058711
48385,1.4873280356390497,80.59987236758137
48387,1.4009033221886746,79.29164007657945
48389,2.8382526326385227,93.20357370772176
48391,1.5868826610023454,81.65283982131461
48393,-2.2919993436544726,8.902361199744735
48395,1.0129571835524398,73.2610082961072
48397,-4.230783776783196,0.6700701978302489
48399,0.43178387309411753,62.412252712188895
48401,0.6919323842568886,67.29419272495214
48403,1.743864518886604,83.43969368219528
48405,3.3273562212239707,95.11805998723676
48407,1.449436998546949,79.9936183790683
48409,0.927413979067583,71.41033822590937
48411,0.9492384002953236,71.85705169112954
48413,0.7949227548334586,69.33631142310148
48415,0.023173317851382238,54.05232929164008
48417,-0.4717319509487974,42.852584556477346
48419,1.5628790729896602,81.26994256541161
48421,-0.3814509874353635,44.703254626675175
48423,-0.329340333576938,45.85194639438417
48425,-1.7857082569774119,16.113592852584556
48427,6.457461457131008,99.71282705807275
48429,2.0631639163274613,86.47096362476069
48431,-2.5802083679243237,6.094447989789407
48433,0.0500292983747916,54.46713465220165
48435,0.6801064595642718,67.07083599234205
48437,2.6233125599088853,91.25717932354817
48439,-0.6239443347397537,39.5022335673261
48441,-0.17520145274528517,49.457562220804085
48443,-1.5842916546676247,19.559668155711552
48445,2.781965967749629,92.66113592852585
48447,-0.22320087642975345,48.30887045309509
48449,1.4802436211882317,80.37651563497128
48451,-0.2609687376122087,47.67070835992342
48453,-1.7877230629595118,16.081684747925973
48455,1.4501482419938954,80.02552648372688
48457,2.3938351985771833,89.66177409061902
48459,0.40595805515848427,61.93363114231014
48461,0.9981811747312799,72.7185705169113
48463,2.935139782938095,93.49074664964901
48465,2.1824753342410546,87.74728781110403
48467,-0.06631691105625943,52.01021059349075
48469,0.4477173502883212,62.79514996809189
48471,1.812110915198406,84.10976388002553
48473,-0.26156915028829125,47.63880025526483
48475,0.5057690067923871,63.78430121250798
48477,-0.8475970009480844,35.03509891512444
48479,3.0216997291147245,93.90555201021058
48481,1.0641315736039887,74.18634333120613
48483,1.10870254155668,75.11167836630504
48485,0.3667203770340938,61.35928525845564
48487,2.831333961571241,93.07594128908742
48489,4.729498640708187,98.59604339502233
48491,-3.0202756430456956,3.7013401403956605
48493,-1.8701054979166958,14.262922782386726
48495,-0.40177620626976684,44.16081684747926
48497,-1.4868740320844216,21.69751116783663
48499,0.15657099659888385,57.08359923420549
48501,0.902427456599927,70.96362476068921
48503,-0.19609510162300353,48.97894065092533
48505,5.885126743543503,99.52137843012126
48507,4.707077789105456,98.56413529036375
49001,-2.0144931691774213,11.710274409700064
49003,-2.216736473906114,9.412890874282068
49005,-1.5976771503928195,19.272495213784303
49007,0.3921404452189351,61.71027440970006
49009,-1.6657722890667015,17.964262922782385
49011,-3.576965231863619,1.8506700701978303
49013,-0.45452204648481,43.267389917038926
49015,-1.2255917915388177,26.643267389917042
49017,-1.0509227383525646,30.63178047223995
49019,-1.1732317629129585,27.95149968091895
49021,-0.7111043029194758,37.61965539246969
49023,-3.0239990255627225,3.6694320357370773
49025,-1.4886462134120608,21.665603063178047
49027,-0.8079820684530271,35.705169112954685
49029,-5.158252425992588,0.12763241863433314
49031,2.2385761349576176,88.3535417996171
49033,-2.0658356231935984,11.199744735162732
49035,-2.3487860056099708,8.232291001914486
49037,2.3247021001032624,89.15124441608168
49039,-0.11482821125948271,50.989151244416085
49041,-1.1778860198281238,27.79195915762604
49043,-4.7644624171645065,0.22335673261008296
49045,-2.883806875250535,4.2756860242501595
49047,-0.6201982522798098,39.629865985960436
49049,-2.844649802090515,4.594767070835992
49051,-3.9958741046209196,1.0210593490746651
49053,-1.6744013776951059,17.740906190172304
49055,-1.1106112962584844,29.419272495213782
49057,-2.143607977289664,10.21059349074665
50001,-2.1624366576547867,9.987236758136566
50003,-1.116261532721162,29.164007657945117
50005,-1.015751031995558,31.62093171665603
50007,-2.146866850878351,10.114869176770899
50009,0.5128949533636551,63.94384173580089
50011,-1.5991508339389615,19.240587109125716
50013,-2.1167673166564924,10.59349074664965
50015,-1.4641594486895357,22.016592214422463
50017,-1.6615967955317257,18.059987236758136
50019,-0.059900806238432434,52.16975111678366
50021,-0.7906416267896327,36.18379068283344
50023,-2.076600974750859,11.008296107211232
50025,-0.5854954492842739,40.459476707083596
50027,-1.8537306833410236,14.582003828972558
51001,0.9669807971415068,72.3356732610083
51003,-2.857994434740581,4.435226547543076
51005,-0.18258788143993504,49.266113592852584
51007,-0.25916543800653874,47.70261646458201
51009,-0.28436127223485214,47.064454371410335
51011,-0.728384715026113,37.332482450542436
51013,-4.2596986277605895,0.6062539885130823
51015,-1.945267912992999,12.922782386726228
51017,0.27745693192184373,59.444798978940646
51019,-1.9797077893114252,12.284620293554562
51021,-1.3425149135502221,24.090619017230377
51023,-2.6230242050770314,5.871091257179324
51025,2.0620404693514445,86.4390555201021
51027,3.212667755527565,94.70325462667518
51029,0.7003447368237051,67.45373324824506
51031,-0.5673746617513865,40.8423739629866
51033,-1.213679726975366,26.96234843650287
51035,0.7442322838665346,68.25143586470963
51036,-0.32937203329627096,45.82003828972559
51037,1.0797091985156957,74.66496490108487
51041,-2.723139118882214,5.105296745373325
51043,-3.3727367442443668,2.265475430759413
51045,-1.2357033390129313,26.483726866624124
51047,-2.213998468410639,9.444798978940652
51049,-0.22710851704052562,48.21314613911933
51051,1.9691497314777435,85.51372048500319
51053,-1.0346901346732431,31.238034460753035
51057,2.075671733505146,86.50287172941927
51059,-4.455707791649213,0.4148053605615826
51061,-3.9432616971812213,1.1805998723675815
51063,-1.2165230666648594,26.834716017868537
51065,-2.78002942816468,4.818123803446076
51067,-0.8366739370195511,35.290363752393105
51069,-2.5237199990806585,6.604977664326739
51071,-1.1765870731795975,27.82386726228462
51073,-1.978136426251234,12.316528398213146
51075,-3.9626292207346943,1.0848755583918315
51077,1.4855204017459764,80.5360561582642
51079,-1.9698848592414284,12.539885130823228
51081,1.8054403232756784,83.98213146139119
51083,1.0002842030728225,72.81429483088705
51085,-3.6063149856394427,1.8187619655392468
51087,-1.847975814755345,14.741544352265477
51089,1.3373832250098023,78.2705807275048
51091,0.6797558993892986,67.03892788768347
51093,-1.8889141375014509,13.943841735800893
51095,-3.216208890570853,2.935545628589662
51097,0.4601510198470815,62.95469049138481
51099,-2.8821522126576724,4.307594128908743
51101,-2.3475380094133222,8.26419910657307
51103,1.1028283332789626,75.01595405232929
51105,2.980030809862761,93.7141033822591
51107,-5.787608838423513,0.031908104658583285
51109,-0.7939170799507399,35.99234205488194
51111,1.6044605750176084,81.81238034460753
51113,-0.8989635279784556,33.918315252074024
51115,-1.483457797042938,21.729419272495214
51117,1.3084093085666157,77.76005105296746
51119,-0.7211639075471442,37.492022973835354
51121,-0.7751051650029057,36.6305041480536
51125,-0.6938837899175823,38.00255264837269
51127,-4.044902906959099,0.9253350350989151
51131,1.1598628778229882,75.9412890874282
51133,-0.26583129484604495,47.44735162731334
51135,1.5924855463737684,81.71665603063178
51137,-1.5184450124072628,21.02744097000638
51139,0.08250752358197526,55.201021059349074
51141,0.23611217435345955,58.71091257179324
51143,0.9080428938382858,71.05934907466496
51145,-3.663584263270033,1.6592214422463305
51147,0.4838678210442034,63.40140395660497
51149,-0.8100076459229327,35.67326100829611
51153,-3.1409813591153077,3.2227185705169115
51155,-0.4710121000744434,42.88449266113593
51157,-1.3574755549280408,23.64390555201021
51159,0.7115809455037565,67.58136566687939
51161,-2.355764245940466,8.168474792597321
51163,-0.951482029540686,33.05679642629228
51165,-1.5764345722404944,19.623484365028716
51167,1.3824139725301876,78.97255902999362
51169,1.1174053616288842,75.27121888959796
51171,-0.49314867003930074,42.437779195915766
51173,1.163798051610183,76.03701340140395
51175,-0.31112260615163956,46.26675175494576
51177,-2.2406853863337894,9.317166560306319
51179,-4.238844795088876,0.6381620931716656
51181,-0.06274114752404812,52.074026802807914
51183,1.4795916416742612,80.31269942565412
51185,1.2206983952498653,76.61135928525844
51187,-1.1641984391236166,28.047223994894704
51191,-0.7910061546354223,36.151882578174856
51193,1.7275222855583094,83.05679642629228
51195,2.4742221102935362,90.33184428844928
51197,0.19950514761797236,57.78557753669432
51199,-3.7035195257049502,1.5315890236119976
51510,-2.792073420596865,4.786215698787492
51520,1.5713015163534612,81.42948308870453
51530,0.937197734170898,71.69751116783662
51540,0.3486021555363054,60.880663688576895
51550,-2.028514502478463,11.423101467772815
51570,-0.9074371895792227,33.69495851946394
51580,0.4313477609237948,62.34843650287173
51590,3.221413297946788,94.76707083599234
51595,3.656950775551384,96.36247606892151
51600,-3.4756703169986447,1.94639438417358
51610,-5.033712116589736,0.1595405232929164
51620,1.9268955116114714,85.1308232291002
51630,-0.26166718159282343,47.57498404594767
51640,2.67640295309577,91.70389278876834
51650,0.33052847081489617,60.43395022335674
51660,2.0579048333823295,86.37523931078493
51670,2.5077233640160683,90.6509253350351
51678,-1.6622743291459037,18.028079132099553
51680,1.00979985626917,73.13337587747287
51683,-2.0743241401714045,11.072112316528399
51685,-0.6696824354936121,38.41735800893427
51690,2.376591138034974,89.40650925335035
51700,0.5102700391792055,63.88002552648373
51710,1.2406949176910853,76.80280791320996
51720,2.364729265955562,89.27887683471602
51730,3.722676027858247,96.55392469687301
51735,-4.2018286248280665,0.7019783024888321
51740,1.5666008437119125,81.36566687938736
51750,1.63058602406238,82.16336949585195
51760,1.7158966284624502,82.80153158902361
51770,1.6358803018974204,82.22718570516912
51775,-1.255031313403734,25.81365666879387
51790,-0.3474584574080153,45.59668155711551
51800,-1.1102545795724348,29.451180599872366
51810,-1.8752895608370563,14.231014677728144
51820,0.6216568974509307,65.89023611997447
51830,-0.24974939239505,47.830248883216335
51840,0.9603458883998827,72.11231652839821
53001,2.0235989833209476,86.08806636885768
53003,0.09670372728932376,55.58391831525208
53005,-1.459531374196706,22.08040842373963
53007,-1.2644634108966777,25.654116145500954
53009,-0.6572458180889744,38.83216336949585
53011,-2.090480669430836,10.848755583918315
53013,-0.8847143537261495,34.23739629865986
53015,-0.5004554052436895,42.150606253988514
53017,-1.2377830779471226,26.38800255264837
53019,1.2925164176433885,77.53669432035737
53021,0.31969110088322494,60.08296107211232
53023,-0.8430997031412565,35.13082322910019
53025,0.5407543643821024,64.42246330567964
53027,0.6688267586096269,66.84747925973197
53029,-2.119857661627182,10.529674537332482
53031,-0.6191244089719103,39.66177409061902
53033,-3.0927199972613613,3.414167198468411
53035,-2.41007229667115,7.530312699425654
53037,-0.6865362208337209,38.098276962348436
53039,-0.07688143115198899,51.723037651563494
53041,-0.3114887756055311,46.234843650287175
53043,-1.2078855264757653,27.185705169112957
53045,-0.8392186214324147,35.226547543075945
53047,0.9505365356515068,71.92086790044672
53049,-0.1288567935155735,50.60625398851308
53051,0.09508213605506578,55.552010210593494
53053,-2.011026783496328,11.742182514358648
53055,-2.0039285314472357,11.96553924696873
53057,-1.160632287138035,28.14294830887045
53059,-1.597322368692895,19.304403318442883
53061,-2.704746789175824,5.2329291640076585
53063,-0.70249339421583,37.77919591576261
53065,-0.40554757271049324,44.033184428844926
53067,-1.918076301117563,13.465220165922146
53069,-0.29842728168840044,46.77728142948309
53071,-0.3012062693708519,46.649649010848755
53073,-1.2041561317587726,27.281429483088704
53075,0.7236995921531506,67.83663050414805
53077,1.7383856236959394,83.34396936821953
54001,2.1215155483902466,87.07721761327377
54003,-1.1141048200579775,29.195915762603704
54005,1.7208278007997981,82.89725590299936
54007,3.1831831703447953,94.60753031269942
54009,-0.6515943132895439,38.95979578813019
54011,1.2291925764335518,76.7389917038928
54013,2.65934126023115,91.54435226547542
54015,3.1284686069040033,94.47989789406509
54017,0.840861586926417,69.8468410976388
54019,1.8842728573273428,84.81174218251437
54021,0.9766207761352422,72.39948947032546
54023,-0.09867208684745223,51.37204850031908
54025,1.0923055884872903,74.7925973197192
54027,0.9100603679237751,71.09125717932355
54029,0.07545647718262806,55.00957243139758
54031,0.636992757267782,66.24122527121888
54033,0.18086643836194205,57.56222080408424
54035,0.5027890969978919,63.75239310784939
54037,-1.932205180788811,13.146139119336311
54039,0.6291850880780528,66.08168474792598
54041,1.2621542812736208,77.1218889597958
54043,2.274518762798304,88.48117421825144
54045,3.8594255887764137,96.68155711550735
54047,5.985411711535747,99.55328653477984
54049,0.14190501439833125,56.63688576898532
54051,0.23211055871665073,58.51946394384173
54053,0.5824356755660834,65.18825781748563
54055,1.5787920098894364,81.4932992980217
54057,-0.41535959941406586,43.77791959157626
54059,4.518750589842524,98.21314613911933
54061,-0.045395179325522964,52.45692405871091
54063,0.7507219547780863,68.3152520740268
54065,0.07896740127259343,55.10529674537332
54067,0.8529982908449234,70.07019783024889
54069,-0.08822535185897083,51.499680918953416
54071,0.9917569950356798,72.62284620293555
54073,-0.033265739648773336,52.744097000638156
54075,2.172751855198359,87.61965539246968
54077,0.30833827420476606,59.85960433950224
54079,-1.9447087402830543,12.954690491384813
54081,1.8272503730240302,84.20548819400128
54083,1.0651930090057056,74.2501595405233
54085,1.1021676828137217,74.92022973835354
54087,3.3921782172067325,95.4371410338226
54089,2.484943744082291,90.39566049776643
54091,1.0086928300625075,73.03765156349714
54093,0.36629442118873884,61.29546904913848
54095,-0.44894244956610163,43.36311423101468
54097,1.3712913849125272,78.8130185067007
54099,1.077892220360633,74.53733248245055
54101,3.358759481515131,95.34141671984683
54103,0.7394766321521313,68.1238034460753
54105,1.4892532929729185,80.66368857689852
54107,0.486139489385624,63.46522016592214
54109,3.0686460805291653,94.03318442884493
55001,0.5720683287751452,64.99680918953415
55003,-0.40920754685573724,43.96936821952776
55005,-0.686055512224344,38.13018506700702
55007,-1.2499111364892328,25.909380982769626
55009,-1.7255162063284195,16.879387364390556
55011,-1.6561297668324766,18.155711550733887
55013,-0.29426351023608655,46.904913848117424
55015,-3.134518804942828,3.2546266751754946
55017,-1.5850490191106947,19.495851946394385
55019,-0.16057401081287476,49.74473516273134
55021,-2.328939781527529,8.423739629865985
55023,-0.9111351079996319,33.53541799617103
55025,-2.5808223639967576,6.062539885130823
55027,-1.6403413173965944,18.442884492661136
55029,-1.9756072731213312,12.34843650287173
55031,-1.3429758547057913,24.058710912571794
55033,-1.3835083715760443,23.26100829610721
55035,-1.9295341192308482,13.241863433312062
55037,-0.5621417916940852,40.970006381620934
55039,-1.8237123771425252,15.25207402680281
55041,-0.023070470328516647,53.06317804722399
55043,-0.8878617126752201,34.17358008934269
55045,-2.445546815533723,7.243139757498404
55047,-0.9582436591867535,32.89725590299936
55049,-2.479947091381657,7.051691129546906
55051,-1.0209308862291449,31.42948308870453
55053,-0.4449803913857127,43.426930440331844
55055,-2.1766541509791515,9.763880025526483
55057,-0.20516710210365136,48.596043395022335
55059,-1.0819934031346357,30.089342693044035
55061,-2.667622917946795,5.520102105934908
55063,-1.7575542731643619,16.496490108487556
55065,-1.3383749272080803,24.282067645181876
55067,-0.3364892669180828,45.724313975749844
55069,-0.8415671900736906,35.194639438417354
55071,-1.5948237773246974,19.336311423101467
55073,-1.7068631931844853,17.13465220165922
55075,-1.079824771109715,30.185067007019782
55077,-0.6002069690224938,40.2680280791321
55078,1.7727172177810921,83.69495851946395
55079,0.8049002797012317,69.4639438417358
55081,-0.8042550285802099,35.83280153158903
55083,-1.980917411641202,12.220804084237397
55085,-1.5902290553213652,19.36821952776005
55087,-2.561976919347888,6.22208040842374
55089,-3.6847008659817204,1.595405232929164
55091,-1.9041438922019969,13.688576898532226
55093,-2.6878903030288517,5.360561582641991
55095,-1.8619171748574384,14.454371410338226
55097,-1.8428143086731585,14.86917677089981
55099,-0.552680167226589,41.09763880025527
55101,-1.1430897320227607,28.71729419272495
55103,-1.0172302014897974,31.589023611997447
55105,-1.2355391847764523,26.515634971282704
55107,-0.19003242680866764,49.07466496490108
55109,-3.686719661281101,1.5634971282705807
55111,-1.6639774969231285,17.99617102744097
55113,-0.09314685413150518,51.43586470963625
55115,-1.2891083299697823,25.11167836630504
55117,-1.8372792379441982,15.028717294192726
55119,-0.9828630850377452,32.4505424377792
55121,-1.7375222575556935,16.687938736439058
55123,-0.5698267136293571,40.68283343969368
55125,-1.0867217607689394,30.025526483726868
55127,-1.6935389182072993,17.485641352903638
55129,-0.7310761709471829,37.23675813656669
55131,-3.2930330319956567,2.5845564773452456
55133,-3.7830991253403985,1.3082322910019146
55135,-1.7031797878757176,17.294192724952136
55137,-0.3059533231909032,46.58583280153159
55139,-1.6046960984269834,19.176770899808552
55141,-1.2349439038219205,26.547543075941288
56001,0.09490926962109648,55.52010210593491
56003,-0.3182228784371743,46.07530312699426
56005,-2.4901969858852424,6.955966815571155
56007,-0.6385677711491157,39.183152520740265
56009,-1.384978667054092,23.22910019144863
56011,-2.430554821098869,7.370772176132738
56013,0.5323285583918312,64.26292278238672
56015,-1.1133184354154684,29.227823867262288
56017,-1.126612536881735,28.972559029993615
56019,-1.4954633957641996,21.378430121250798
56021,-1.6732957151352708,17.836630504148054
56023,-3.066875158099891,3.541799617102744
56025,-1.5065750936765943,21.1869814932993
56027,0.6187521810848006,65.79451180599872
56029,-1.8425783858026488,14.901084875558393
56031,-0.9311170283169317,33.2163369495852
56033,-1.9693254480481024,12.571793235481813
56035,-2.7481633011371507,4.913848117421825
56037,-1.3110967533660731,24.82450542437779
56039,-4.443340860755181,0.4467134652201659
56041,-2.1138304323291948,10.625398851308232
56043,-1.3989479150822801,23.03765156349713
56045,-1.2471710934302327,25.97319719208679
